Countries,Announcement.Date,Type.of.Aid.General,Total,Converted.Value.in.EUR,Total_in_USD,Date,Week,Month
Australia,3/1/2022,Humanitarian,"35,000,000","21,311,575",22590269.5,2022-03-01,2022-02-27,2022-03-01
Australia,3/20/2022,Humanitarian,"32,600,000","19,850,210",21041222.6,2022-03-20,2022-03-20,2022-03-01
Australia,3/20/2022,Humanitarian,"12,000,000","7,306,826",7745235.56,2022-03-20,2022-03-20,2022-03-01
Australia,10/25/2022,Humanitarian,"27,000,000","16,440,358",17426779.48,2022-10-25,2022-10-23,2022-10-01
Australia,6/26/2023,Humanitarian,"10,000,000","6,089,021",6454362.26,2023-06-26,2023-06-25,2023-06-01
Australia,3/1/2022,Military,"70,000,000","42,623,150",45180539,2022-03-01,2022-02-27,2022-03-01
Australia,3/20/2022,Military,"21,000,000","12,786,945",13554161.7,2022-03-20,2022-03-20,2022-03-01
Australia,3/31/2022,Military,"25,000,000","15,222,554",16135907.24,2022-03-31,2022-03-27,2022-03-01
Australia,4/8/2022,Military,"49,000,000","29,836,205",31626377.3,2022-04-08,2022-04-03,2022-04-01
Australia,4/8/2022,Military,"26,500,000","16,135,907",17104061.42,2022-04-08,2022-04-03,2022-04-01
Australia,4/27/2022,Military,"26,700,000","16,257,687",17233148.22,2022-04-27,2022-04-24,2022-04-01
Australia,5/19/2022,Military,"60,900,000","37,082,141",39307069.46,2022-05-19,2022-05-15,2022-05-01
Australia,7/4/2022,Military,"79,500,000","48,407,721",51312184.26,2022-07-04,2022-07-03,2022-07-01
Australia,7/4/2022,Military,"8,700,000","5,297,449",5615295.94,2022-07-04,2022-07-03,2022-07-01
Australia,10/25/2022,Military,"186,000,000","113,255,800",120051148,2022-10-25,2022-10-23,2022-10-01
Australia,2/24/2023,Military,"33,000,000","20,093,771",21299397.26,2023-02-24,2023-02-19,2023-02-01
Australia,6/26/2023,Military,"100,000,000","60,890,215",64543627.9,2023-06-26,2023-06-25,2023-06-01
Austria,2/25/2022,Humanitarian,"1,181,579","1,068,528",1132639.68,2022-02-25,2022-02-20,2022-02-01
Austria,5/4/2022,Humanitarian,"54,400,000","54,400,000",57664000,2022-05-04,2022-05-01,2022-05-01
Austria,9/11/2022,Humanitarian,"1,817,500","1,643,606",1742222.36,2022-09-11,2022-09-11,2022-09-01
Austria,11/1/2022,Humanitarian,"5,005,199","5,005,199",5305510.94,2022-11-01,2022-10-30,2022-11-01
Austria,11/1/2022,Humanitarian,"5,000,000","5,000,000",5300000,2022-11-01,2022-10-30,2022-11-01
Austria,11/1/2022,Humanitarian,"5,422,500","4,903,690",5197911.4,2022-11-01,2022-10-30,2022-11-01
Austria,12/16/2022,Humanitarian,"5,000,000","5,000,000",5300000,2022-12-16,2022-12-11,2022-12-01
Austria,1/31/2023,Humanitarian,"5,000,000","5,000,000",5300000,2023-01-31,2023-01-29,2023-01-01
Austria,2/24/2023,Humanitarian,"3,147,960","3,147,960",3336837.6,2023-02-24,2023-02-19,2023-02-01
Austria,3/20/2023,Humanitarian,"18,000,000","18,000,000",19080000,2023-03-20,2023-03-19,2023-03-01
Austria,4/19/2023,Humanitarian,"1,270,000","1,148,490",1217399.4,2023-04-19,2023-04-16,2023-04-01
Austria,5/27/2023,Humanitarian,"2,000,000","2,000,000",2120000,2023-05-27,2023-05-21,2023-05-01
Austria,6/7/2023,Humanitarian,"1,000,000","1,000,000",1060000,2023-06-07,2023-06-04,2023-06-01
Austria,3/13/2022,Military,"3,587,374","3,244,144",3438792.64,2022-03-13,2022-03-13,2022-03-01
Austria,3/7/2022,Financial,"10,000,000","10,000,000",10600000,2022-03-07,2022-03-06,2022-03-01
Austria,9/4/2022,Financial,"600,000,000","600,000,000",636000000,2022-09-04,2022-09-04,2022-09-01
Austria,12/5/2022,Financial,"20,000,000","20,000,000",21200000,2022-12-05,2022-12-04,2022-12-01
Austria,11/9/2022,Financial,"10,000,000","10,000,000",10600000,2022-11-09,2022-11-06,2022-11-01
Belgium,3/1/2022,Humanitarian,"3,400,000","3,400,000",3604000,2022-03-01,2022-02-27,2022-03-01
Belgium,3/2/2022,Humanitarian,"230,000","230,000",243800,2022-03-02,2022-02-27,2022-03-01
Belgium,4/9/2022,Humanitarian,"60,600,000","60,600,000",64236000,2022-04-09,2022-04-03,2022-04-01
Belgium,7/15/2022,Humanitarian,"800,000","800,000",848000,2022-07-15,2022-07-10,2022-07-01
Belgium,1/19/2023,Humanitarian,"600,000","600,000",636000,2023-01-19,2023-01-15,2023-01-01
Belgium,5/12/2023,Humanitarian,"14,000,000","14,000,000",14840000,2023-05-12,2023-05-07,2023-05-01
Belgium,5/12/2023,Humanitarian,"7,000,000","7,000,000",7420000,2023-05-12,2023-05-07,2023-05-01
Belgium,5/12/2023,Humanitarian,"3,000,000","3,000,000",3180000,2023-05-12,2023-05-07,2023-05-01
Belgium,6/9/2023,Humanitarian,"1,850,000","1,850,000",1961000,2023-06-09,2023-06-04,2023-06-01
Belgium,6/9/2023,Humanitarian,"1,600,000","1,600,000",1696000,2023-06-09,2023-06-04,2023-06-01
Belgium,6/16/2023,Humanitarian,"600,000","600,000",636000,2023-06-16,2023-06-11,2023-06-01
Belgium,6/16/2023,Humanitarian,"1,000,000","1,000,000",1060000,2023-06-16,2023-06-11,2023-06-01
Belgium,6/27/2023,Humanitarian,"11,260,000","11,260,000",11935600,2023-06-27,2023-06-25,2023-06-01
Belgium,2/26/2022,Military,"76,000,000","76,000,000",80560000,2022-02-26,2022-02-20,2022-02-01
Belgium,3/22/2022,Military,"11,000,000","11,000,000",11660000,2022-03-22,2022-03-20,2022-03-01
Belgium,5/6/2022,Military,"2,646,400","2,646,400",2805184,2022-05-06,2022-05-01,2022-05-01
Belgium,7/15/2022,Military,"10,639,008","10,639,008",11277348.48,2022-07-15,2022-07-10,2022-07-01
Belgium,8/25/2022,Military,"8,000,000","8,000,000",8480000,2022-08-25,2022-08-21,2022-08-01
Belgium,9/16/2022,Military,"1,757,052","1,757,052",1862475.12,2022-09-16,2022-09-11,2022-09-01
Belgium,9/17/2022,Military,"25,004,047","25,004,047",26504289.82,2022-09-17,2022-09-11,2022-09-01
Belgium,10/28/2022,Military,"3,235,699","3,235,699",3429840.94,2022-10-28,2022-10-23,2022-10-01
Belgium,11/25/2022,Military,"7,285,280","7,285,280",7722396.8,2022-11-25,2022-11-20,2022-11-01
Belgium,12/16/2022,Military,"1,444,400","1,444,400",1531064,2022-12-16,2022-12-11,2022-12-01
Belgium,1/27/2023,Military,"94,039,642","94,039,642",99682020.52,2023-01-27,2023-01-22,2023-01-01
Belgium,3/16/2023,Military,"3,448,472","3,448,472",3655380.32,2023-03-16,2023-03-12,2023-03-01
Belgium,5/12/2023,Military,"60,000,000","60,000,000",63600000,2023-05-12,2023-05-07,2023-05-01
Belgium,6/16/2023,Military,"1,500,000","1,500,000",1590000,2023-06-16,2023-06-11,2023-06-01
Belgium,8/2/2022,Financial,"3,100,000","3,100,000",3286000,2022-08-02,2022-07-31,2022-08-01
Belgium,11/10/2022,Financial,"4,960,000","4,960,000",5257600,2022-11-10,2022-11-06,2022-11-01
Belgium,5/12/2023,Financial,"6,000,000","6,000,000",6360000,2023-05-12,2023-05-07,2023-05-01
Belgium,5/12/2023,Financial,"2,000,000","2,000,000",2120000,2023-05-12,2023-05-07,2023-05-01
Belgium,6/27/2023,Financial,"1,500,000","1,500,000",1590000,2023-06-27,2023-06-25,2023-06-01
Bulgaria,4/28/2022,Humanitarian,"706,000","706,000",748360,2022-04-28,2022-04-24,2022-04-01
Bulgaria,4/7/2022,Military,"448,000,000","229,062,276",242806012.6,2022-04-07,2022-04-03,2022-04-01
Bulgaria,12/9/2022,Military,"20,000,000","10,225,994",10839553.64,2022-12-09,2022-12-04,2022-12-01
Bulgaria,7/13/2023,Military,"16,871,008","15,256,835",16172245.1,2023-07-13,2023-07-09,2023-07-01
Canada,2/14/2022,Financial,"500,000,000","342,044,055",362566698.3,2022-02-14,2022-02-13,2022-02-01
Canada,4/7/2022,Financial,"1,000,000,000","684,088,111",725133397.7,2022-04-07,2022-04-03,2022-04-01
Canada,5/20/2022,Financial,"250,000,000","171,022,028",181283349.7,2022-05-20,2022-05-15,2022-05-01
Canada,6/28/2022,Financial,"200,000,000","136,817,622",145026679.3,2022-06-28,2022-06-26,2022-06-01
Canada,8/23/2022,Financial,"3,850,000","2,633,739",2791763.34,2022-08-23,2022-08-21,2022-08-01
Canada,10/14/2022,Financial,"36,500,000","36,500,000",38690000,2022-10-14,2022-10-09,2022-10-01
Canada,10/28/2022,Financial,"500,000,000","342,044,055",362566698.3,2022-10-28,2022-10-23,2022-10-01
Canada,12/16/2022,Financial,"83,500,000","75,510,942",80041598.52,2022-12-16,2022-12-11,2022-12-01
Canada,4/11/2023,Financial,"2,400,000,000","1,641,811,465",1740320153,2023-04-11,2023-04-09,2023-04-01
Canada,1/26/2022,Humanitarian,"50,000,000","34,204,406",36256670.36,2022-01-26,2022-01-23,2022-01-01
Canada,3/1/2022,Humanitarian,"50,000,000","34,204,406",36256670.36,2022-03-01,2022-02-27,2022-03-01
Canada,4/9/2022,Humanitarian,"100,000,000","68,408,811",72513339.66,2022-04-09,2022-04-03,2022-04-01
Canada,5/19/2022,Humanitarian,"2,000,000","1,368,176",1450266.56,2022-05-19,2022-05-15,2022-05-01
Canada,6/28/2022,Humanitarian,"75,000,000","51,306,608",54385004.48,2022-06-28,2022-06-26,2022-06-01
Canada,6/28/2022,Humanitarian,"52,000,000","35,572,582",37706936.92,2022-06-28,2022-06-26,2022-06-01
Canada,6/28/2022,Humanitarian,"9,700,000","6,635,655",7033794.3,2022-06-28,2022-06-26,2022-06-01
Canada,9/3/2022,Humanitarian,"52,000,000","35,572,582",37706936.92,2022-09-03,2022-08-28,2022-09-01
Canada,11/25/2022,Humanitarian,"10,000,000","6,840,881",7251333.86,2022-11-25,2022-11-20,2022-11-01
Canada,12/13/2022,Humanitarian,"115,000,000","78,670,133",83390340.98,2022-12-13,2022-12-11,2022-12-01
Canada,7/12/2023,Humanitarian,"2,700,000","1,847,038",1957860.28,2023-07-12,2023-07-09,2023-07-01
Canada,1/26/2022,Military,"109,666,667","75,021,663",79522962.78,2022-01-26,2022-01-23,2022-01-01
Canada,1/26/2022,Military,"109,666,667","75,021,663",79522962.78,2022-01-26,2022-01-23,2022-01-01
Canada,1/26/2022,Military,"109,666,667","75,021,663",79522962.78,2022-01-26,2022-01-23,2022-01-01
Canada,2/14/2022,Military,"10,000,000","6,840,881",7251333.86,2022-02-14,2022-02-13,2022-02-01
Canada,2/27/2022,Military,"12,000,000","8,209,057",8701600.42,2022-02-27,2022-02-27,2022-02-01
Canada,2/28/2022,Military,"12,000,000","8,209,057",8701600.42,2022-02-28,2022-02-27,2022-02-01
Canada,3/1/2022,Military,"10,000,000","6,840,881",7251333.86,2022-03-01,2022-02-27,2022-03-01
Canada,3/3/2022,Military,"7,000,000","4,788,617",5075934.02,2022-03-03,2022-02-27,2022-03-01
Canada,3/3/2022,Military,"1,000,000","684,088",725133.28,2022-03-03,2022-02-27,2022-03-01
Canada,3/9/2022,Military,"50,000,000","34,204,406",36256670.36,2022-03-09,2022-03-06,2022-03-01
Canada,4/7/2022,Military,"500,000,000","342,044,055",362566698.3,2022-04-07,2022-04-03,2022-04-01
Canada,10/12/2022,Military,"47,000,000","32,152,141",34081269.46,2022-10-12,2022-10-09,2022-10-01
Canada,11/14/2022,Military,"500,000,000","342,044,055",362566698.3,2022-11-14,2022-11-13,2022-11-01
Canada,11/16/2022,Military,"34,000,000","23,258,996",24654535.76,2022-11-16,2022-11-13,2022-11-01
Canada,1/18/2023,Military,"92,000,000","62,936,106",66712272.36,2023-01-18,2023-01-15,2023-01-01
Canada,1/27/2023,Military,"8,552,294","7,734,033",8198074.98,2023-01-27,2023-01-22,2023-01-01
Canada,2/24/2023,Military,"32,902,273","29,754,271",31539527.26,2023-02-24,2023-02-19,2023-02-01
Canada,2/24/2023,Military,"32,000,000","21,890,820",23204269.2,2023-02-24,2023-02-19,2023-02-01
Canada,3/15/2023,Military,"47,108,669","42,601,437",45157523.22,2023-03-15,2023-03-12,2023-03-01
Canada,4/11/2023,Military,"59,000,000","40,361,199",42782870.94,2023-04-11,2023-04-09,2023-04-01
Canada,4/21/2023,Military,"34,600,000","23,669,449",25089615.94,2023-04-21,2023-04-16,2023-04-01
Canada,4/21/2023,Military,"4,500,000","3,078,396",3263099.76,2023-04-21,2023-04-16,2023-04-01
Canada,5/25/2023,Military,"19,551,655","17,681,005",18741865.3,2023-05-25,2023-05-21,2023-05-01
Canada,6/10/2023,Military,"500,000,000","342,044,055",362566698.3,2023-06-10,2023-06-04,2023-06-01
Canada,7/13/2023,Military,"48,800,000","33,383,500",35386510,2023-07-13,2023-07-09,2023-07-01
China,3/9/2022,Humanitarian,"5,000,000","629,073",666817.38,2022-03-09,2022-03-06,2022-03-01
China,3/21/2022,Humanitarian,"10,000,000","1,258,146",1333634.76,2022-03-21,2022-03-20,2022-03-01
China,3/8/2023,Humanitarian,"200,000","200,000",212000,2023-03-08,2023-03-05,2023-03-01
Croatia,2/24/2022,Humanitarian,"9,100,000","1,206,897",1279310.82,2022-02-24,2022-02-20,2022-02-01
Croatia,4/8/2022,Humanitarian,"1,516,800","201,167",213237.02,2022-04-08,2022-04-03,2022-04-01
Croatia,5/5/2022,Humanitarian,"5,000,000","5,000,000",5300000,2022-05-05,2022-05-01,2022-05-01
Croatia,6/6/2022,Humanitarian,"33,000","33,000",34980,2022-06-06,2022-06-05,2022-06-01
Croatia,1/26/2023,Humanitarian,"1,000,000","1,000,000",1060000,2023-01-26,2023-01-22,2023-01-01
Croatia,4/4/2023,Humanitarian,"29,771,015","29,771,015",31557275.9,2023-04-04,2023-04-02,2023-04-01
Croatia,6/22/2023,Humanitarian,"12,787,921","12,787,921",13555196.26,2023-06-22,2023-06-18,2023-06-01
Croatia,7/31/2023,Humanitarian,"1,000,000","1,000,000",1060000,2023-07-31,2023-07-30,2023-07-01
Croatia,2/28/2022,Military,"124,000,000","16,445,623",17432360.38,2022-02-28,2022-02-27,2022-02-01
Croatia,11/16/2022,Military,"63,587,118","57,503,272",60953468.32,2022-11-16,2022-11-13,2022-11-01
Croatia,12/21/2022,Military,"3,000,000","3,000,000",3180000,2022-12-21,2022-12-18,2022-12-01
Croatia,2/23/2023,Military,"44,562,710","44,562,710",47236472.6,2023-02-23,2023-02-19,2023-02-01
Croatia,3/30/2023,Military,"500,000","500,000",530000,2023-03-30,2023-03-26,2023-03-01
Croatia,4/4/2023,Military,"29,771,015","29,771,015",31557275.9,2023-04-04,2023-04-02,2023-04-01
Croatia,6/22/2023,Military,"28,217,380","28,217,380",29910422.8,2023-06-22,2023-06-18,2023-06-01
Cyprus,3/9/2022,Humanitarian,"2,000,000","2,000,000",2120000,2022-03-09,2022-03-06,2022-03-01
Cyprus,6/3/2022,Humanitarian,"500,000","500,000",530000,2022-06-03,2022-05-29,2022-06-01
Cyprus,12/14/2022,Humanitarian,"300,000","300,000",318000,2022-12-14,2022-12-11,2022-12-01
Cyprus,12/30/2022,Humanitarian,"200,000","200,000",212000,2022-12-30,2022-12-25,2022-12-01
Czech Republic,2/26/2022,Military,"36,600,000","1,531,894",1623807.64,2022-02-26,2022-02-20,2022-02-01
Czech Republic,2/26/2022,Military,"188,106,550","7,873,202",8345594.12,2022-02-26,2022-02-20,2022-02-01
Czech Republic,2/27/2022,Military,"400,000,000","16,742,006",17746526.36,2022-02-27,2022-02-27,2022-02-01
Czech Republic,3/3/2022,Military,"17,000,000","711,535",754227.1,2022-03-03,2022-02-27,2022-03-01
Czech Republic,3/9/2022,Military,"31,500,000","28,486,164",30195333.84,2022-03-09,2022-03-06,2022-03-01
Czech Republic,3/9/2022,Military,"24,000,000","1,004,520",1064791.2,2022-03-09,2022-03-06,2022-03-01
Czech Republic,3/10/2022,Military,"11,000","9,948",10544.88,2022-03-10,2022-03-06,2022-03-01
Czech Republic,3/10/2022,Military,"53,260,000","2,229,198",2362949.88,2022-03-10,2022-03-06,2022-03-01
Czech Republic,3/10/2022,Military,"30,000,000","1,255,650",1330989,2022-03-10,2022-03-06,2022-03-01
Czech Republic,3/30/2022,Military,"857,000","35,870",38022.2,2022-03-30,2022-03-27,2022-03-01
Czech Republic,4/5/2022,Military,"106,660,353","96,455,374",102242696.4,2022-04-05,2022-04-03,2022-04-01
Czech Republic,4/6/2022,Military,"133,000,000","5,566,717",5900720.02,2022-04-06,2022-04-03,2022-04-01
Czech Republic,4/1/2022,Military,"172,951,818","156,404,248",165788502.9,2022-04-01,2022-03-27,2022-04-01
Czech Republic,5/23/2022,Military,"48,000,000","43,407,488",46011937.28,2022-05-23,2022-05-22,2022-05-01
Czech Republic,5/29/2022,Military,"30,000,000","27,129,680",28757460.8,2022-05-29,2022-05-29,2022-05-01
Czech Republic,10/5/2022,Military,"400,000,000","16,742,006",17746526.36,2022-10-05,2022-10-02,2022-10-01
Czech Republic,10/19/2022,Military,"22,000,000","920,810",976058.6,2022-10-19,2022-10-16,2022-10-01
Czech Republic,11/16/2022,Military,"975,000,000","40,808,639",43257157.34,2022-11-16,2022-11-13,2022-11-01
Czech Republic,1/9/2023,Military,"10,643,325","9,625,000",10202500,2023-01-09,2023-01-08,2023-01-01
Czech Republic,2/23/2023,Military,"37,169,517","33,613,237",35630031.22,2023-02-23,2023-02-19,2023-02-01
Czech Republic,2/23/2023,Military,"19,000,000","17,182,131",18213058.86,2023-02-23,2023-02-19,2023-02-01
Czech Republic,4/5/2023,Military,"700,000,000","29,298,510",31056420.6,2023-04-05,2023-04-02,2023-04-01
Czech Republic,5/10/2023,Military,"50,000,000","45,216,133",47929100.98,2023-05-10,2023-05-07,2023-05-01
Czech Republic,6/27/2023,Military,"1,616,066","1,461,445",1549131.7,2023-06-27,2023-06-25,2023-06-01
Czech Republic,6/27/2023,Military,"350,000,000","316,512,932",335503707.9,2023-06-27,2023-06-25,2023-06-01
Czech Republic,6/27/2023,Military,"50,310,000","45,496,473",48226261.38,2023-06-27,2023-06-25,2023-06-01
Czech Republic,6/27/2023,Military,"114,684,000","103,711,340",109934020.4,2023-06-27,2023-06-25,2023-06-01
Czech Republic,6/27/2023,Military,"17,136,000","15,496,473",16426261.38,2023-06-27,2023-06-25,2023-06-01
Czech Republic,2/24/2022,Humanitarian,"300,000,000","12,556,504",13309894.24,2022-02-24,2022-02-20,2022-02-01
Czech Republic,3/4/2022,Humanitarian,"108,000,000","4,520,342",4791562.52,2022-03-04,2022-02-27,2022-03-01
Czech Republic,3/5/2022,Humanitarian,"10,000,000","418,550",443663,2022-03-05,2022-02-27,2022-03-01
Czech Republic,3/10/2022,Humanitarian,"25,000,000","1,046,375",1109157.5,2022-03-10,2022-03-06,2022-03-01
Czech Republic,4/7/2022,Humanitarian,"4,500,000","188,348",199648.88,2022-04-07,2022-04-03,2022-04-01
Czech Republic,4/6/2022,Humanitarian,"14,000,000","585,970",621128.2,2022-04-06,2022-04-03,2022-04-01
Czech Republic,5/5/2022,Humanitarian,"433,000,000","18,123,221",19210614.26,2022-05-05,2022-05-01,2022-05-01
Czech Republic,6/1/2022,Humanitarian,"67,920,000","61,421,595",65106890.7,2022-06-01,2022-05-29,2022-06-01
Czech Republic,6/7/2022,Humanitarian,"100,000,000","4,185,501",4436631.06,2022-06-07,2022-06-05,2022-06-01
Czech Republic,12/13/2022,Humanitarian,"8,500,000","8,500,000",9010000,2022-12-13,2022-12-11,2022-12-01
Czech Republic,2/23/2023,Humanitarian,"271,680,000","245,686,381",260427563.9,2023-02-23,2023-02-19,2023-02-01
Czech Republic,2/28/2023,Humanitarian,"138,000,000","5,775,992",6122551.52,2023-02-28,2023-02-26,2023-02-01
Czech Republic,4/14/2023,Humanitarian,"3,250,000","136,029",144190.74,2023-04-14,2023-04-09,2023-04-01
Czech Republic,4/27/2023,Humanitarian,"1,000,000","1,000,000",1060000,2023-04-27,2023-04-23,2023-04-01
Czech Republic,5/26/2023,Humanitarian,"6,687,594","279,909",296703.54,2023-05-26,2023-05-21,2023-05-01
Czech Republic,6/7/2023,Humanitarian,"10,000,000","418,550",443663,2023-06-07,2023-06-04,2023-06-01
Czech Republic,6/28/2023,Humanitarian,"45,000,000","1,883,476",1996484.56,2023-06-28,2023-06-25,2023-06-01
Czech Republic,6/27/2023,Humanitarian,"9,500,000","397,623",421480.38,2023-06-27,2023-06-25,2023-06-01
Denmark,3/1/2022,Humanitarian,"8,000,000","1,073,710",1138132.6,2022-03-01,2022-02-27,2022-03-01
Denmark,3/1/2022,Humanitarian,"20,000,000","2,684,276",2845332.56,2022-03-01,2022-02-27,2022-03-01
Denmark,3/1/2022,Humanitarian,"10,000,000","1,342,138",1422666.28,2022-03-01,2022-02-27,2022-03-01
Denmark,3/1/2022,Humanitarian,"50,000,000","6,710,689",7113330.34,2022-03-01,2022-02-27,2022-03-01
Denmark,3/1/2022,Humanitarian,"50,000,000","6,710,689",7113330.34,2022-03-01,2022-02-27,2022-03-01
Denmark,5/1/2022,Humanitarian,"155,000,000","20,803,135",22051323.1,2022-05-01,2022-05-01,2022-05-01
Denmark,8/1/2022,Humanitarian,"16,000,000","16,000,000",16960000,2022-08-01,2022-07-31,2022-08-01
Denmark,10/1/2022,Humanitarian,"18,200,000","18,200,000",19292000,2022-10-01,2022-09-25,2022-10-01
Denmark,12/1/2022,Humanitarian,"25,600,000","25,600,000",27136000,2022-12-01,2022-11-27,2022-12-01
Denmark,5/30/2023,Humanitarian,"1,200,000,000","161,056,531",170719922.9,2023-05-30,2023-05-28,2023-05-01
Denmark,4/21/2022,Military,"1,000,000,000","134,213,776",142266602.6,2022-04-21,2022-04-17,2022-04-01
Denmark,5/31/2022,Military,"1,000,000,000","134,213,776",142266602.6,2022-05-31,2022-05-29,2022-05-01
Denmark,8/11/2022,Military,"820,000,000","110,055,296",116658613.8,2022-08-11,2022-08-07,2022-08-01
Denmark,9/1/2022,Military,"974,000,000","130,724,218",138567671.1,2022-09-01,2022-08-28,2022-09-01
Denmark,12/21/2022,Military,"42,800,000","42,800,000",45368000,2022-12-21,2022-12-18,2022-12-01
Denmark,12/21/2022,Military,"10,000,000","10,000,000",10600000,2022-12-21,2022-12-18,2022-12-01
Denmark,5/30/2023,Military,"7,500,000,000","1,006,603,318",1066999517,2023-05-30,2023-05-28,2023-05-01
Denmark,5/2/2023,Military,"10,400,000,000","1,395,823,267",1479572663,2023-05-02,2023-04-30,2023-05-01
Denmark,5/2/2023,Military,"1,000,000,000","134,213,776",142266602.6,2023-05-02,2023-04-30,2023-05-01
Denmark,5/2/2023,Military,"1,000,000,000","134,213,776",142266602.6,2023-05-02,2023-04-30,2023-05-01
Denmark,5/2/2023,Military,"1,000,000,000","134,213,776",142266602.6,2023-05-02,2023-04-30,2023-05-01
Denmark,5/2/2023,Military,"1,000,000,000","134,213,776",142266602.6,2023-05-02,2023-04-30,2023-05-01
Denmark,3/7/2022,Financial,"20,000,000","20,000,000",21200000,2022-03-07,2022-03-06,2022-03-01
Denmark,9/30/2022,Financial,"37,500,000","37,500,000",39750000,2022-09-30,2022-09-25,2022-09-01
Estonia,6/7/2022,Military,"240,000,000","240,000,000",254400000,2022-06-07,2022-06-05,2022-06-01
Estonia,2/9/2022,Military,"5,300,000","5,300,000",5618000,2022-02-09,2022-02-06,2022-02-01
Estonia,4/6/2022,Military,"5,000,000","5,000,000",5300000,2022-04-06,2022-04-03,2022-04-01
Estonia,8/18/2022,Military,"7,820,000","7,820,000",8289200,2022-08-18,2022-08-14,2022-08-01
Estonia,8/18/2022,Military,"10,000,000","10,000,000",10600000,2022-08-18,2022-08-14,2022-08-01
Estonia,10/7/2022,Military,"31,880,000","31,880,000",33792800,2022-10-07,2022-10-02,2022-10-01
Estonia,12/1/2022,Military,"7,800,000","7,800,000",8268000,2022-12-01,2022-11-27,2022-12-01
Estonia,1/19/2023,Military,"113,000,000","113,000,000",119780000,2023-01-19,2023-01-15,2023-01-01
Estonia,3/16/2023,Military,"494,300","494,300",523958,2023-03-16,2023-03-12,2023-03-01
Estonia,5/31/2023,Humanitarian,"4,100,000","4,100,000",4346000,2023-05-31,2023-05-28,2023-05-01
Estonia,5/5/2022,Humanitarian,"2,900,000","2,900,000",3074000,2022-05-05,2022-05-01,2022-05-01
Estonia,5/31/2023,Humanitarian,"3,100,000","3,100,000",3286000,2023-05-31,2023-05-28,2023-05-01
Estonia,6/14/2023,Humanitarian,"457,000","457,000",484420,2023-06-14,2023-06-11,2023-06-01
Finland,2/17/2022,Humanitarian,"2,000,000","2,000,000",2120000,2022-02-17,2022-02-13,2022-02-01
Finland,6/1/2023,Humanitarian,"8,000,000","8,000,000",8480000,2023-06-01,2023-05-28,2023-06-01
Finland,5/27/2022,Humanitarian,"9,200,000","9,200,000",9752000,2022-05-27,2022-05-22,2022-05-01
Finland,9/2/2022,Humanitarian,"8,000,000","8,000,000",8480000,2022-09-02,2022-08-28,2022-09-01
Finland,9/2/2022,Humanitarian,"37,000,000","37,000,000",39220000,2022-09-02,2022-08-28,2022-09-01
Finland,12/23/2022,Humanitarian,"5,000,000","5,000,000",5300000,2022-12-23,2022-12-18,2022-12-01
Finland,3/10/2023,Humanitarian,"15,000,000","15,000,000",15900000,2023-03-10,2023-03-05,2023-03-01
Finland,2/27/2022,Military,"29,300,000","29,300,000",31058000,2022-02-27,2022-02-27,2022-02-01
Finland,6/10/2022,Military,"54,750,000","54,750,000",58035000,2022-06-10,2022-06-05,2022-06-01
Finland,9/1/2022,Military,"8,250,000","8,250,000",8745000,2022-09-01,2022-08-28,2022-09-01
Finland,10/27/2022,Military,"30,000,000","30,000,000",31800000,2022-10-27,2022-10-23,2022-10-01
Finland,11/17/2022,Military,"55,600,000","55,600,000",58936000,2022-11-17,2022-11-13,2022-11-01
Finland,12/22/2022,Military,"28,800,000","28,800,000",30528000,2022-12-22,2022-12-18,2022-12-01
Finland,1/20/2023,Military,"400,000,000","400,000,000",424000000,2023-01-20,2023-01-15,2023-01-01
Finland,2/23/2023,Military,"160,000,000","160,000,000",169600000,2023-02-23,2023-02-19,2023-02-01
Finland,3/23/2023,Military,"161,000,000","161,000,000",170660000,2023-03-23,2023-03-19,2023-03-01
Finland,4/21/2023,Military,"78,000,000","78,000,000",82680000,2023-04-21,2023-04-16,2023-04-01
Finland,5/25/2023,Military,"109,000,000","109,000,000",115540000,2023-05-25,2023-05-21,2023-05-01
Finland,7/6/2023,Military,"105,000,000","105,000,000",111300000,2023-07-06,2023-07-02,2023-07-01
Finland,3/8/2022,Financial,"5,800,000","5,800,000",6148000,2022-03-08,2022-03-06,2022-03-01
Finland,4/28/2022,Financial,"46,500,000","46,500,000",49290000,2022-04-28,2022-04-24,2022-04-01
Finland,7/27/2022,Financial,"6,000,000","6,000,000",6360000,2022-07-27,2022-07-24,2022-07-01
Finland,9/2/2022,Financial,"15,000,000","15,000,000",15900000,2022-09-02,2022-08-28,2022-09-01
Finland,2/16/2023,Financial,"5,500,000","5,500,000",5830000,2023-02-16,2023-02-12,2023-02-01
Finland,3/10/2023,Financial,"14,000,000","14,000,000",14840000,2023-03-10,2023-03-05,2023-03-01
France,3/1/2022,Humanitarian,"100,000,000","100,000,000",106000000,2022-03-01,2022-02-27,2022-03-01
France,3/10/2022,Humanitarian,"1,600,000","1,600,000",1696000,2022-03-10,2022-03-06,2022-03-01
France,3/25/2022,Humanitarian,"21,407,500","19,359,287",20520844.22,2022-03-25,2022-03-20,2022-03-01
France,4/14/2022,Humanitarian,"11,000,000","9,947,549",10544401.94,2022-04-14,2022-04-10,2022-04-01
France,4/21/2022,Humanitarian,"280,000","253,210",268402.6,2022-04-21,2022-04-17,2022-04-01
France,5/16/2022,Humanitarian,"6,830,729","6,177,183",6547813.98,2022-05-16,2022-05-15,2022-05-01
France,5/30/2022,Humanitarian,"3,810,000","3,445,469",3652197.14,2022-05-30,2022-05-29,2022-05-01
France,6/17/2022,Humanitarian,"1,165,887","1,054,338",1117598.28,2022-06-17,2022-06-12,2022-06-01
France,9/28/2022,Humanitarian,"9,000,000","9,000,000",9540000,2022-09-28,2022-09-25,2022-09-01
France,11/2/2022,Humanitarian,"2,008,572","1,816,397",1925380.82,2022-11-02,2022-10-30,2022-11-01
France,12/13/2022,Humanitarian,"48,500,000","48,500,000",51410000,2022-12-13,2022-12-11,2022-12-01
France,12/13/2022,Humanitarian,"76,500,000","76,500,000",81090000,2022-12-13,2022-12-11,2022-12-01
France,12/13/2022,Humanitarian,"40,900,000","40,900,000",43354000,2022-12-13,2022-12-11,2022-12-01
France,5/10/2023,Humanitarian,"2,000,000","2,000,000",2120000,2023-05-10,2023-05-07,2023-05-01
France,6/21/2023,Humanitarian,"40,000,000","40,000,000",42400000,2023-06-21,2023-06-18,2023-06-01
France,2/8/2022,Financial,"200,000,000","200,000,000",212000000,2022-02-08,2022-02-06,2022-02-01
France,2/25/2022,Financial,"300,000,000","300,000,000",318000000,2022-02-25,2022-02-20,2022-02-01
France,11/28/2022,Financial,"100,000,000","100,000,000",106000000,2022-11-28,2022-11-27,2022-11-01
France,12/13/2022,Financial,"49,400,000","49,400,000",52364000,2022-12-13,2022-12-11,2022-12-01
France,12/13/2022,Financial,"50,000,000","50,000,000",53000000,2022-12-13,2022-12-11,2022-12-01
France,7/13/2023,Financial,"100,000,000","100,000,000",106000000,2023-07-13,2023-07-09,2023-07-01
France,4/13/2022,Military,"100,000,000","100,000,000",106000000,2022-04-13,2022-04-10,2022-04-01
France,6/30/2022,Military,"110,484,058","99,913,237",105908031.2,2022-06-30,2022-06-26,2022-06-01
France,10/7/2022,Military,"200,000,000","200,000,000",212000000,2022-10-07,2022-10-02,2022-10-01
France,11/18/2022,Military,"47,902,603","43,319,410",45918574.6,2022-11-18,2022-11-13,2022-11-01
France,12/12/2022,Military,"31,020,000","28,052,089",29735214.34,2022-12-12,2022-12-11,2022-12-01
France,3/28/2023,Military,"68,400,000","61,855,670",65567010.2,2023-03-28,2023-03-26,2023-03-01
Germany,5/6/2022,Humanitarian,"185,000,000","185,000,000",196100000,2022-05-06,2022-05-01,2022-05-01
Germany,12/21/2022,Humanitarian,"127,046,050","127,046,050",134668813,2022-12-21,2022-12-18,2022-12-01
Germany,4/9/2022,Humanitarian,"370,000,000","370,000,000",392200000,2022-04-09,2022-04-03,2022-04-01
Germany,5/5/2022,Humanitarian,"125,000,000","125,000,000",132500000,2022-05-05,2022-05-01,2022-05-01
Germany,4/9/2022,Humanitarian,"70,000,000","70,000,000",74200000,2022-04-09,2022-04-03,2022-04-01
Germany,8/24/2022,Humanitarian,"6,000,000","6,000,000",6360000,2022-08-24,2022-08-21,2022-08-01
Germany,7/4/2022,Humanitarian,"121,500,000","121,500,000",128790000,2022-07-04,2022-07-03,2022-07-01
Germany,7/4/2022,Humanitarian,"233,000,000","233,000,000",246980000,2022-07-04,2022-07-03,2022-07-01
Germany,7/4/2022,Humanitarian,"51,500,000","51,500,000",54590000,2022-07-04,2022-07-03,2022-07-01
Germany,8/1/2022,Humanitarian,"2,300,000","2,300,000",2438000,2022-08-01,2022-07-31,2022-08-01
Germany,9/1/2022,Humanitarian,"2,700,000","2,700,000",2862000,2022-09-01,2022-08-28,2022-09-01
Germany,9/15/2022,Humanitarian,"12,000,000","12,000,000",12720000,2022-09-15,2022-09-11,2022-09-01
Germany,10/1/2022,Humanitarian,"800,000","800,000",848000,2022-10-01,2022-09-25,2022-10-01
Germany,11/11/2022,Humanitarian,"1,148,000","1,148,000",1216880,2022-11-11,2022-11-06,2022-11-01
Germany,11/21/2022,Humanitarian,"40,000,000","40,000,000",42400000,2022-11-21,2022-11-20,2022-11-01
Germany,11/22/2022,Humanitarian,"600,000","600,000",636000,2022-11-22,2022-11-20,2022-11-01
Germany,11/22/2022,Humanitarian,"5,000,000","5,000,000",5300000,2022-11-22,2022-11-20,2022-11-01
Germany,12/13/2022,Humanitarian,"50,000,000","50,000,000",53000000,2022-12-13,2022-12-11,2022-12-01
Germany,12/14/2022,Humanitarian,"130,000,000","130,000,000",137800000,2022-12-14,2022-12-11,2022-12-01
Germany,12/21/2022,Humanitarian,"2,130,000","2,130,000",2257800,2022-12-21,2022-12-18,2022-12-01
Germany,1/20/2023,Humanitarian,"52,000,000","52,000,000",55120000,2023-01-20,2023-01-15,2023-01-01
Germany,2/23/2023,Humanitarian,"9,000,000","9,000,000",9540000,2023-02-23,2023-02-19,2023-02-01
Germany,2/24/2023,Humanitarian,"55,000,000","55,000,000",58300000,2023-02-24,2023-02-19,2023-02-01
Germany,2/24/2023,Humanitarian,"48,000,000","48,000,000",50880000,2023-02-24,2023-02-19,2023-02-01
Germany,3/27/2023,Humanitarian,"25,000,000","25,000,000",26500000,2023-03-27,2023-03-26,2023-03-01
Germany,4/19/2023,Humanitarian,"111,000,000","111,000,000",117660000,2023-04-19,2023-04-16,2023-04-01
Germany,4/24/2023,Humanitarian,"16,130,000","16,130,000",17097800,2023-04-24,2023-04-23,2023-04-01
Germany,4/24/2023,Humanitarian,"4,752,000","4,752,000",5037120,2023-04-24,2023-04-23,2023-04-01
Germany,7/11/2023,Humanitarian,"219,110,000","219,110,000",232256600,2023-07-11,2023-07-09,2023-07-01
Germany,7/11/2023,Humanitarian,"387,906,290","387,906,290",411180667.4,2023-07-11,2023-07-09,2023-07-01
Germany,7/11/2023,Humanitarian,"1,100,000","1,100,000",1166000,2023-07-11,2023-07-09,2023-07-01
Germany,7/11/2023,Humanitarian,"10,900,000","10,900,000",11554000,2023-07-11,2023-07-09,2023-07-01
Germany,2/24/2023,Military,"1,630,000,000","1,630,000,000",1727800000,2023-02-24,2023-02-19,2023-02-01
Germany,2/24/2023,Military,"1,880,000,000","1,880,000,000",1992800000,2023-02-24,2023-02-19,2023-02-01
Germany,4/24/2023,Military,"2,320,000,000","2,320,000,000",2459200000,2023-04-24,2023-04-23,2023-04-01
Germany,5/24/2023,Military,"2,625,000,000","2,625,000,000",2782500000,2023-05-24,2023-05-21,2023-05-01
Germany,5/24/2023,Military,"2,625,000,000","2,625,000,000",2782500000,2023-05-24,2023-05-21,2023-05-01
Germany,5/24/2023,Military,"2,625,000,000","2,625,000,000",2782500000,2023-05-24,2023-05-21,2023-05-01
Germany,5/24/2023,Military,"2,625,000,000","2,625,000,000",2782500000,2023-05-24,2023-05-21,2023-05-01
Germany,2/24/2023,Military,"530,000,000","530,000,000",561800000,2023-02-24,2023-02-19,2023-02-01
Germany,2/24/2023,Military,"70,000,000","70,000,000",74200000,2023-02-24,2023-02-19,2023-02-01
Germany,12/21/2022,Military,"50,000,000","50,000,000",53000000,2022-12-21,2022-12-18,2022-12-01
Germany,12/21/2022,Military,"36,000,000","36,000,000",38160000,2022-12-21,2022-12-18,2022-12-01
Germany,8/9/2022,Military,"26,300,000","26,300,000",27878000,2022-08-09,2022-08-07,2022-08-01
Germany,4/24/2024,Military,"40,000,000","40,000,000",42400000,2024-04-24,2024-04-21,2024-04-01
Germany,4/24/2024,Military,"5,000,000","5,000,000",5300000,2024-04-24,2024-04-21,2024-04-01
Germany,3/24/2022,Financial,"150,000,000","150,000,000",159000000,2022-03-24,2022-03-20,2022-03-01
Germany,5/5/2022,Financial,"150,000,000","150,000,000",159000000,2022-05-05,2022-05-01,2022-05-01
Germany,5/19/2022,Financial,"1,000,000,000","1,000,000,000",1060000000,2022-05-19,2022-05-15,2022-05-01
Greece,3/15/2022,Military,"17,291,259","15,636,878",16575090.68,2022-03-15,2022-03-13,2022-03-01
Greece,5/26/2022,Military,"152,084,448","137,533,413",145785417.8,2022-05-26,2022-05-22,2022-05-01
Greece,9/18/2022,Military,"22,461,701","20,312,625",21531382.5,2022-09-18,2022-09-18,2022-09-01
Greece,2/14/2023,Military,"11,230,851","10,156,313",10765691.78,2023-02-14,2023-02-12,2023-02-01
Hungary,2/27/2022,Humanitarian,"198,960","179,924",190719.44,2022-02-27,2022-02-27,2022-02-01
Hungary,3/21/2022,Humanitarian,"6,674,240","6,035,666",6397805.96,2022-03-21,2022-03-20,2022-03-01
Hungary,3/23/2022,Humanitarian,"66,000,000","174,124",184571.44,2022-03-23,2022-03-20,2022-03-01
Hungary,4/20/2022,Humanitarian,"2,166,667","1,959,366",2076927.96,2022-04-20,2022-04-17,2022-04-01
Hungary,5/4/2022,Humanitarian,"262,000,000","691,220",732693.2,2022-05-04,2022-05-01,2022-05-01
Hungary,5/5/2022,Humanitarian,"37,000,000","37,000,000",39220000,2022-05-05,2022-05-01,2022-05-01
Hungary,11/11/2022,Humanitarian,"382,000,000","1,007,809",1068277.54,2022-11-11,2022-11-06,2022-11-01
Hungary,6/8/2023,Humanitarian,"2,500,000","2,500,000",2650000,2023-06-08,2023-06-04,2023-06-01
Hungary,6/8/2023,Humanitarian,"4,737,247","4,284,000",4541040,2023-06-08,2023-06-04,2023-06-01
India,5/7/2022,Humanitarian,"1,870,000","1,691,083",1792547.98,2022-05-07,2022-05-01,2022-05-01
India,9/12/2022,Humanitarian,"77,250","69,859",74050.54,2022-09-12,2022-09-11,2022-09-01
Ireland,2/24/2022,Humanitarian,"19,000,000","19,000,000",20140000,2022-02-24,2022-02-20,2022-02-01
Ireland,3/11/2022,Humanitarian,"142,996","129,315",137073.9,2022-03-11,2022-03-06,2022-03-01
Ireland,3/26/2022,Humanitarian,"2,857,500","2,584,102",2739148.12,2022-03-26,2022-03-20,2022-03-01
Ireland,5/20/2022,Humanitarian,"500,000","500,000",530000,2022-05-20,2022-05-15,2022-05-01
Ireland,6/28/2022,Humanitarian,"2,197,000","2,197,000",2328820,2022-06-28,2022-06-26,2022-06-01
Ireland,9/27/2023,Humanitarian,"32,000,000","32,000,000",33920000,2023-09-27,2023-09-24,2023-09-01
Ireland,3/21/2023,Humanitarian,"5,100,000","5,100,000",5406000,2023-03-21,2023-03-19,2023-03-01
Ireland,7/23/2023,Humanitarian,"2,100,000","2,100,000",2226000,2023-07-23,2023-07-23,2023-07-01
Ireland,2/21/2023,Military,"3,850,000","3,850,000",4081000,2023-02-21,2023-02-19,2023-02-01
Ireland,11/9/2022,Financial,"25,000,000","25,000,000",26500000,2022-11-09,2022-11-06,2022-11-01
Ireland,7/13/2023,Financial,"7,000,000","7,000,000",7420000,2023-07-13,2023-07-09,2023-07-01
Iceland,2/28/2022,Humanitarian,"145,000,000","987,806",1047074.36,2022-02-28,2022-02-27,2022-02-01
Iceland,3/3/2022,Humanitarian,"100,000,000","681,245",722119.7,2022-03-03,2022-02-27,2022-03-01
Iceland,3/25/2022,Humanitarian,"100,000,000","681,245",722119.7,2022-03-25,2022-03-20,2022-03-01
Iceland,5/5/2022,Humanitarian,"295,000,000","2,009,674",2130254.44,2022-05-05,2022-05-01,2022-05-01
Iceland,2/3/2023,Humanitarian,"215,000,000","1,464,677",1552557.62,2023-02-03,2023-01-29,2023-02-01
Iceland,3/21/2023,Humanitarian,"60,000,000","408,747",433271.82,2023-03-21,2023-03-19,2023-03-01
Iceland,5/31/2023,Humanitarian,"645,000,000","4,394,032",4657673.92,2023-05-31,2023-05-28,2023-05-01
Iceland,5/31/2023,Humanitarian,"100,000,000","681,245",722119.7,2023-05-31,2023-05-28,2023-05-01
Iceland,4/24/2022,Military,"200,000","200,000",212000,2022-04-24,2022-04-24,2022-04-01
Iceland,12/21/2022,Military,"710,820","642,811",681379.66,2022-12-21,2022-12-18,2022-12-01
Iceland,3/21/2023,Military,"521,900,000","3,555,419",3768744.14,2023-03-21,2023-03-19,2023-03-01
Iceland,3/21/2023,Military,"527,900,000","3,596,294",3812071.64,2023-03-21,2023-03-19,2023-03-01
Iceland,5/15/2023,Military,"1,200,000,000","8,174,944",8665440.64,2023-05-15,2023-05-14,2023-05-01
Iceland,5/23/2023,Military,"60,000,000","408,747",433271.82,2023-05-23,2023-05-21,2023-05-01
Iceland,6/16/2023,Military,"7,800,000","7,800,000",8268000,2023-06-16,2023-06-11,2023-06-01
Iceland,4/24/2022,Financial,"130,000,000","885,619",938756.14,2022-04-24,2022-04-24,2022-04-01
Iceland,5/5/2022,Financial,"130,000,000","885,619",938756.14,2022-05-05,2022-05-01,2022-05-01
Iceland,3/21/2023,Financial,"455,000,000","3,099,666",3285645.96,2023-03-21,2023-03-19,2023-03-01
Iceland,5/31/2023,Financial,"700,000,000","4,768,717",5054840.02,2023-05-31,2023-05-28,2023-05-01
Italy,2/24/2022,Humanitarian,"1,000,000","1,000,000",1060000,2022-02-24,2022-02-20,2022-02-01
Italy,3/7/2022,Humanitarian,"200,000","180,865",191716.9,2022-03-07,2022-03-06,2022-03-01
Italy,3/14/2022,Humanitarian,"8,267,485","7,476,474",7925062.44,2022-03-14,2022-03-13,2022-03-01
Italy,4/19/2022,Humanitarian,"18,000,000","16,277,808",17254476.48,2022-04-19,2022-04-17,2022-04-01
Italy,4/20/2022,Humanitarian,"16,000,000","16,000,000",16960000,2022-04-20,2022-04-17,2022-04-01
Italy,12/13/2022,Humanitarian,"10,000,000","10,000,000",10600000,2022-12-13,2022-12-11,2022-12-01
Italy,4/26/2023,Humanitarian,"160,000,000","160,000,000",169600000,2023-04-26,2023-04-23,2023-04-01
Italy,4/26/2023,Humanitarian,"10,000,000","10,000,000",10600000,2023-04-26,2023-04-23,2023-04-01
Italy,2/28/2022,Military,"150,000,000","150,000,000",159000000,2022-02-28,2022-02-27,2022-02-01
Italy,10/1/2022,Military,"169,148,381","152,964,714",162142596.8,2022-10-01,2022-09-25,2022-10-01
Italy,1/13/2023,Military,"341,770,000","309,070,356",327614577.4,2023-01-13,2023-01-08,2023-01-01
Italy,4/16/2023,Military,"52,043,619","47,064,224",49888077.44,2023-04-16,2023-04-16,2023-04-01
Italy,2/27/2022,Financial,"110,000,000","110,000,000",116600000,2022-02-27,2022-02-27,2022-02-01
Italy,8/5/2022,Financial,"200,000,000","200,000,000",212000000,2022-08-05,2022-07-31,2022-08-01
Italy,4/26/2023,Financial,"100,000,000","100,000,000",106000000,2023-04-26,2023-04-23,2023-04-01
Japan,2/27/2022,Humanitarian,"59,300,000","53,626,334",56843914.04,2022-02-27,2022-02-27,2022-02-01
Japan,3/24/2022,Humanitarian,"53,870,000","48,715,862",51638813.72,2022-03-24,2022-03-20,2022-03-01
Japan,4/28/2022,Humanitarian,"2,300,000","2,079,942",2204738.52,2022-04-28,2022-04-24,2022-04-01
Japan,5/27/2022,Humanitarian,"1,660,000","1,501,176",1591246.56,2022-05-27,2022-05-22,2022-05-01
Japan,11/22/2022,Humanitarian,"2,570,000","2,324,109",2463555.54,2022-11-22,2022-11-20,2022-11-01
Japan,12/6/2022,Humanitarian,"495,370,370","447,974,652",474853131.1,2022-12-06,2022-12-04,2022-12-01
Japan,1/23/2023,Humanitarian,"2,570,000","2,324,109",2463555.54,2023-01-23,2023-01-22,2023-01-01
Japan,3/30/2023,Humanitarian,"400,000,000","361,729,065",383432808.9,2023-03-30,2023-03-26,2023-03-01
Japan,3/30/2023,Humanitarian,"70,000,000","63,302,586",67100741.16,2023-03-30,2023-03-26,2023-03-01
Japan,6/20/2023,Humanitarian,"5,000,000","4,521,613",4792909.78,2023-06-20,2023-06-18,2023-06-01
Japan,6/23/2023,Humanitarian,"1,478,610","1,337,141",1417369.46,2023-06-23,2023-06-18,2023-06-01
Japan,3/4/2022,Military,"2,200,000","1,989,510",2108880.6,2022-03-04,2022-02-27,2022-03-01
Japan,4/19/2022,Military,"180,000","162,778",172544.68,2022-04-19,2022-04-17,2022-04-01
Japan,8/4/2022,Military,"72,000","65,111",69017.66,2022-08-04,2022-07-31,2022-08-01
Japan,3/30/2023,Military,"30,000,000","27,129,680",28757460.8,2023-03-30,2023-03-26,2023-03-01
Japan,3/25/2022,Financial,"100,000,000","90,432,266",95858201.96,2022-03-25,2022-03-20,2022-03-01
Japan,4/19/2022,Financial,"200,000,000","180,864,532",191716403.9,2022-04-19,2022-04-17,2022-04-01
Japan,5/19/2022,Financial,"300,000,000","271,296,799",287574606.9,2022-05-19,2022-05-15,2022-05-01
Japan,2/14/2023,Financial,"550,000","497,377",527219.62,2023-02-14,2023-02-12,2023-02-01
Japan,2/21/2023,Financial,"5,000,000,000","4,521,613,312",4792910111,2023-02-21,2023-02-19,2023-02-01
Japan,4/21/2023,Financial,"471,000,000","425,935,974",451492132.4,2023-04-21,2023-04-16,2023-04-01
Latvia,3/1/2022,Humanitarian,"560,000","560,000",593600,2022-03-01,2022-02-27,2022-03-01
Latvia,3/29/2022,Humanitarian,"167,417","167,417",177462.02,2022-03-29,2022-03-27,2022-03-01
Latvia,4/26/2022,Humanitarian,"29,996","29,996",31795.76,2022-04-26,2022-04-24,2022-04-01
Latvia,5/7/2022,Humanitarian,"24,000","24,000",25440,2022-05-07,2022-05-01,2022-05-01
Latvia,7/1/2022,Humanitarian,"365,000","365,000",386900,2022-07-01,2022-06-26,2022-07-01
Latvia,7/5/2022,Humanitarian,"1,400,000","1,400,000",1484000,2022-07-05,2022-07-03,2022-07-01
Latvia,11/29/2022,Humanitarian,"559,640","559,640",593218.4,2022-11-29,2022-11-27,2022-11-01
Latvia,12/28/2022,Humanitarian,"1,532,639","1,386,000",1469160,2022-12-28,2022-12-25,2022-12-01
Latvia,2/23/2023,Humanitarian,"185,000","185,000",196100,2023-02-23,2023-02-19,2023-02-01
Latvia,3/9/2023,Humanitarian,"18,500","18,500",19610,2023-03-09,2023-03-05,2023-03-01
Latvia,4/28/2023,Humanitarian,"347,445","314,202",333054.12,2023-04-28,2023-04-23,2023-04-01
Latvia,4/6/2022,Military,"218,800,000","218,800,000",231928000,2022-04-06,2022-04-03,2022-04-01
Latvia,7/7/2022,Military,"30,000,000","30,000,000",31800000,2022-07-07,2022-07-03,2022-07-01
Latvia,8/15/2022,Military,"38,100,000","34,454,693",36521974.58,2022-08-15,2022-08-14,2022-08-01
Latvia,8/15/2022,Military,"10,408,724","9,412,845",9977615.7,2022-08-15,2022-08-14,2022-08-01
Latvia,1/18/2023,Military,"76,565,547","76,565,547",81159479.82,2023-01-18,2023-01-15,2023-01-01
Latvia,3/8/2022,Financial,"5,000,000","5,000,000",5300000,2022-03-08,2022-03-06,2022-03-01
Latvia,5/5/2022,Financial,"10,000,000","10,000,000",10600000,2022-05-05,2022-05-01,2022-05-01
Latvia,4/4/2023,Financial,"10,000,000","10,000,000",10600000,2023-04-04,2023-04-02,2023-04-01
Latvia,7/13/2023,Financial,"7,000,000","7,000,000",7420000,2023-07-13,2023-07-09,2023-07-01
Lithuania,3/16/2022,Military,"29,000,000","29,000,000",30740000,2022-03-16,2022-03-13,2022-03-01
Lithuania,3/23/2022,Military,"10,000,000","10,000,000",10600000,2022-03-23,2022-03-20,2022-03-01
Lithuania,4/21/2022,Military,"61,000,000","61,000,000",64660000,2022-04-21,2022-04-17,2022-04-01
Lithuania,5/25/2022,Military,"15,500,000","15,500,000",16430000,2022-05-25,2022-05-22,2022-05-01
Lithuania,7/10/2022,Military,"2,000,000","2,000,000",2120000,2022-07-10,2022-07-10,2022-07-01
Lithuania,7/20/2022,Military,"35,893,516","35,893,516",38047126.96,2022-07-20,2022-07-17,2022-07-01
Lithuania,7/28/2022,Military,"3,000,000","2,712,968",2875746.08,2022-07-28,2022-07-24,2022-07-01
Lithuania,9/7/2022,Military,"35,893,516","35,893,516",38047126.96,2022-09-07,2022-09-04,2022-09-01
Lithuania,10/11/2022,Military,"11,034,000","9,978,296",10576993.76,2022-10-11,2022-10-09,2022-10-01
Lithuania,11/21/2022,Military,"28,021,704","28,021,704",29703006.24,2022-11-21,2022-11-20,2022-11-01
Lithuania,12/6/2022,Military,"50,000,000","50,000,000",53000000,2022-12-06,2022-12-04,2022-12-01
Lithuania,1/19/2023,Military,"85,000,000","85,000,000",90100000,2023-01-19,2023-01-15,2023-01-01
Lithuania,1/23/2023,Military,"40,000,000","40,000,000",42400000,2023-01-23,2023-01-22,2023-01-01
Lithuania,3/16/2023,Military,"45,000,000","45,000,000",47700000,2023-03-16,2023-03-12,2023-03-01
Lithuania,4/5/2023,Military,"41,000,000","41,000,000",43460000,2023-04-05,2023-04-02,2023-04-01
Lithuania,6/28/2023,Military,"26,336,840","23,817,001",25246021.06,2023-06-28,2023-06-25,2023-06-01
Lithuania,7/24/2023,Military,"66,666,667","66,666,667",70666667.02,2023-07-24,2023-07-23,2023-07-01
Lithuania,7/24/2023,Military,"66,666,667","66,666,667",70666667.02,2023-07-24,2023-07-23,2023-07-01
Lithuania,7/24/2023,Military,"66,666,667","66,666,667",70666667.02,2023-07-24,2023-07-23,2023-07-01
Lithuania,2/23/2022,Humanitarian,"1,800,000","1,800,000",1908000,2022-02-23,2022-02-20,2022-02-01
Lithuania,2/28/2022,Humanitarian,"4,000,000","4,000,000",4240000,2022-02-28,2022-02-27,2022-02-01
Lithuania,4/9/2022,Humanitarian,"34,200,000","34,200,000",36252000,2022-04-09,2022-04-03,2022-04-01
Lithuania,5/5/2022,Humanitarian,"2,000,000","2,000,000",2120000,2022-05-05,2022-05-01,2022-05-01
Lithuania,7/11/2022,Humanitarian,"10,000,000","10,000,000",10600000,2022-07-11,2022-07-10,2022-07-01
Lithuania,11/18/2022,Humanitarian,"5,000,000","5,000,000",5300000,2022-11-18,2022-11-13,2022-11-01
Lithuania,11/30/2022,Humanitarian,"4,000,000","4,000,000",4240000,2022-11-30,2022-11-27,2022-11-01
Lithuania,6/7/2022,Humanitarian,"50,000","50,000",53000,2022-06-07,2022-06-05,2022-06-01
Lithuania,6/7/2022,Humanitarian,"138,000","124,797",132284.82,2022-06-07,2022-06-05,2022-06-01
Lithuania,3/7/2022,Financial,"5,000,000","5,000,000",5300000,2022-03-07,2022-03-06,2022-03-01
Lithuania,6/26/2022,Financial,"10,000,000","10,000,000",10600000,2022-06-26,2022-06-26,2022-06-01
Lithuania,11/30/2022,Financial,"5,000,000","5,000,000",5300000,2022-11-30,2022-11-27,2022-11-01
Lithuania,4/13/2023,Financial,"10,000,000","10,000,000",10600000,2023-04-13,2023-04-09,2023-04-01
Lithuania,6/7/2023,Financial,"10,000,000","10,000,000",10600000,2023-06-07,2023-06-04,2023-06-01
Luxembourg,2/28/2022,Military,"50,000,000","50,000,000",53000000,2022-02-28,2022-02-27,2022-02-01
Luxembourg,3/28/2022,Military,"600,000","542,594",575149.64,2022-03-28,2022-03-27,2022-03-01
Luxembourg,10/4/2022,Military,"21,447,921","21,447,921",22734796.26,2022-10-04,2022-10-02,2022-10-01
Luxembourg,12/2/2022,Military,"3,000,000","3,000,000",3180000,2022-12-02,2022-11-27,2022-12-01
Luxembourg,2/15/2023,Military,"3,400,000","3,400,000",3604000,2023-02-15,2023-02-12,2023-02-01
Luxembourg,2/15/2023,Military,"13,200,000","13,200,000",13992000,2023-02-15,2023-02-12,2023-02-01
Luxembourg,6/16/2023,Military,"8,000,000","8,000,000",8480000,2023-06-16,2023-06-11,2023-06-01
Luxembourg,5/5/2022,Humanitarian,"3,000,000","3,000,000",3180000,2022-05-05,2022-05-01,2022-05-01
Luxembourg,5/5/2022,Humanitarian,"1,000,000","1,000,000",1060000,2022-05-05,2022-05-01,2022-05-01
Luxembourg,3/20/2023,Humanitarian,"32,000","32,000",33920,2023-03-20,2023-03-19,2023-03-01
Luxembourg,6/21/2023,Humanitarian,"13,468,000","13,468,000",14276080,2023-06-21,2023-06-18,2023-06-01
Luxembourg,7/14/2023,Financial,"1,300,000","1,300,000",1378000,2023-07-14,2023-07-09,2023-07-01
Malta,3/11/2022,Humanitarian,"1,150,000","1,150,000",1219000,2022-03-11,2022-03-06,2022-03-01
Malta,12/14/2022,Humanitarian,"550,000","550,000",583000,2022-12-14,2022-12-11,2022-12-01
Malta,1/21/2023,Humanitarian,"370,000","370,000",392200,2023-01-21,2023-01-15,2023-01-01
Netherlands,2/18/2022,Military,"50,000,000","50,000,000",53000000,2022-02-18,2022-02-13,2022-02-01
Netherlands,4/19/2022,Military,"101,629,378","91,905,750",97420095,2022-04-19,2022-04-17,2022-04-01
Netherlands,6/28/2022,Military,"41,336,722","37,381,734",39624638.04,2022-06-28,2022-06-26,2022-06-01
Netherlands,9/8/2022,Military,"344,452,246","344,452,246",365119380.8,2022-09-08,2022-09-04,2022-09-01
Netherlands,8/28/2022,Military,"10,000,000","10,000,000",10600000,2022-08-28,2022-08-28,2022-08-01
Netherlands,11/4/2022,Military,"120,000,000","120,000,000",127200000,2022-11-04,2022-10-30,2022-11-01
Netherlands,11/10/2022,Military,"100,000,000","100,000,000",106000000,2022-11-10,2022-11-06,2022-11-01
Netherlands,11/14/2022,Military,"25,000,000","25,000,000",26500000,2022-11-14,2022-11-13,2022-11-01
Netherlands,12/16/2022,Military,"202,500,000","202,500,000",214650000,2022-12-16,2022-12-11,2022-12-01
Netherlands,12/23/2022,Military,"1,500,000,000","1,500,000,000",1590000000,2022-12-23,2022-12-18,2022-12-01
Netherlands,3/7/2022,Humanitarian,"15,000,000","15,000,000",15900000,2022-03-07,2022-03-06,2022-03-01
Netherlands,3/10/2022,Humanitarian,"1,500,000","1,500,000",1590000,2022-03-10,2022-03-06,2022-03-01
Netherlands,3/2/2022,Humanitarian,"2,013,300","1,820,673",1929913.38,2022-03-02,2022-02-27,2022-03-01
Netherlands,5/5/2022,Humanitarian,"5,397,500","4,881,082",5173946.92,2022-05-05,2022-05-01,2022-05-01
Netherlands,5/5/2022,Humanitarian,"5,000,000","5,000,000",5300000,2022-05-05,2022-05-01,2022-05-01
Netherlands,10/12/2022,Humanitarian,"180,000,000","180,000,000",190800000,2022-10-12,2022-10-09,2022-10-01
Netherlands,12/1/2022,Humanitarian,"3,500,000","3,500,000",3710000,2022-12-01,2022-11-27,2022-12-01
Netherlands,12/23/2022,Humanitarian,"375,000,000","375,000,000",397500000,2022-12-23,2022-12-18,2022-12-01
Netherlands,6/23/2023,Humanitarian,"2,000,000","2,000,000",2120000,2023-06-23,2023-06-18,2023-06-01
Netherlands,7/4/2023,Humanitarian,"875,000","875,000",927500,2023-07-04,2023-07-02,2023-07-01
Netherlands,7/4/2023,Humanitarian,"25,000,000","25,000,000",26500000,2023-07-04,2023-07-02,2023-07-01
Netherlands,3/7/2022,Financial,"80,000,000","80,000,000",84800000,2022-03-07,2022-03-06,2022-03-01
Netherlands,6/26/2022,Financial,"21,000,000","18,990,776",20130222.56,2022-06-26,2022-06-26,2022-06-01
Netherlands,7/5/2022,Financial,"200,000,000","200,000,000",212000000,2022-07-05,2022-07-03,2022-07-01
Netherlands,8/28/2022,Financial,"68,500,000","68,500,000",72610000,2022-08-28,2022-08-28,2022-08-01
Netherlands,12/23/2022,Financial,"625,000,000","625,000,000",662500000,2022-12-23,2022-12-18,2022-12-01
New Zealand,3/21/2022,Military,"5,000,000","2,815,632",2984569.92,2022-03-21,2022-03-20,2022-03-01
New Zealand,3/21/2022,Military,"10,600,000","5,969,141",6327289.46,2022-03-21,2022-03-20,2022-03-01
New Zealand,4/11/2022,Military,"4,100,000","2,308,819",2447348.14,2022-04-11,2022-04-10,2022-04-01
New Zealand,4/11/2022,Military,"7,500,000","4,223,449",4476855.94,2022-04-11,2022-04-10,2022-04-01
New Zealand,6/27/2022,Military,"4,500,000","2,534,069",2686113.14,2022-06-27,2022-06-26,2022-06-01
New Zealand,11/14/2022,Military,"1,850,000","1,041,784",1104291.04,2022-11-14,2022-11-13,2022-11-01
New Zealand,7/13/2023,Military,"750,000","422,345",447685.7,2023-07-13,2023-07-09,2023-07-01
New Zealand,2/28/2022,Humanitarian,"2,000,000","1,126,253",1193828.18,2022-02-28,2022-02-27,2022-02-01
New Zealand,2/28/2022,Humanitarian,"2,000,000","1,126,253",1193828.18,2022-02-28,2022-02-27,2022-02-01
New Zealand,12/14/2022,Humanitarian,"3,000,000","1,689,379",1790741.74,2022-12-14,2022-12-11,2022-12-01
New Zealand,5/3/2023,Humanitarian,"2,000,000","1,126,253",1193828.18,2023-05-03,2023-04-30,2023-05-01
New Zealand,5/3/2023,Humanitarian,"1,500,000","844,690",895371.4,2023-05-03,2023-04-30,2023-05-01
New Zealand,7/13/2023,Humanitarian,"1,200,000","675,752",716297.12,2023-07-13,2023-07-09,2023-07-01
New Zealand,7/13/2023,Humanitarian,"500,000","281,563",298456.78,2023-07-13,2023-07-09,2023-07-01
New Zealand,7/13/2023,Humanitarian,"3,000,000","1,689,379",1790741.74,2023-07-13,2023-07-09,2023-07-01
New Zealand,7/13/2023,Humanitarian,"30,500,000","17,175,358",18205879.48,2023-07-13,2023-07-09,2023-07-01
Norway,12/14/2022,Military,"990,000,000","87,244,655",92479334.3,2022-12-14,2022-12-11,2022-12-01
Norway,4/27/2022,Military,"400,000,000","35,250,366",37365387.96,2022-04-27,2022-04-24,2022-04-01
Norway,4/27/2022,Military,"3,000,000,000","264,377,743",280240407.6,2022-04-27,2022-04-24,2022-04-01
Norway,2/16/2023,Military,"7,500,000,000","660,944,357",700601018.4,2023-02-16,2023-02-12,2023-02-01
Norway,2/16/2023,Military,"7,500,000,000","660,944,357",700601018.4,2023-02-16,2023-02-12,2023-02-01
Norway,2/16/2023,Military,"7,500,000,000","660,944,357",700601018.4,2023-02-16,2023-02-12,2023-02-01
Norway,2/16/2023,Military,"7,500,000,000","660,944,357",700601018.4,2023-02-16,2023-02-12,2023-02-01
Norway,2/16/2023,Military,"7,500,000,000","660,944,357",700601018.4,2023-02-16,2023-02-12,2023-02-01
Norway,4/27/2022,Humanitarian,"265,000,000","23,353,367",24754569.02,2022-04-27,2022-04-24,2022-04-01
Norway,4/27/2022,Humanitarian,"100,000,000","8,812,591",9341346.46,2022-04-27,2022-04-24,2022-04-01
Norway,6/1/2022,Humanitarian,"310,000,000","27,319,033",28958174.98,2022-06-01,2022-05-29,2022-06-01
Norway,11/1/2022,Humanitarian,"1,100,000,000","96,938,506",102754816.4,2022-11-01,2022-10-30,2022-11-01
Norway,1/19/2023,Humanitarian,"40,000,000","3,525,037",3736539.22,2023-01-19,2023-01-15,2023-01-01
Norway,2/20/2023,Humanitarian,"244,376","220,995",234254.7,2023-02-20,2023-02-19,2023-02-01
Norway,2/24/2023,Humanitarian,"400,000,000","35,250,366",37365387.96,2023-02-24,2023-02-19,2023-02-01
Norway,6/12/2023,Humanitarian,"150,000,000","13,218,887",14012020.22,2023-06-12,2023-06-11,2023-06-01
Norway,5/11/2022,Financial,"300,000,000","26,437,774",28024040.44,2022-05-11,2022-05-08,2022-05-01
Norway,5/12/2022,Financial,"50,000,000","4,406,296",4670673.76,2022-05-12,2022-05-08,2022-05-01
Norway,10/5/2022,Financial,"2,000,000,000","176,251,829",186826938.7,2022-10-05,2022-10-02,2022-10-01
Norway,10/5/2022,Financial,"1,000,000,000","88,125,914",93413468.84,2022-10-05,2022-10-02,2022-10-01
Norway,2/16/2023,Financial,"6,910,000,000","608,950,068",645487072.1,2023-02-16,2023-02-12,2023-02-01
Norway,2/16/2023,Financial,"7,500,000,000","660,944,357",700601018.4,2023-02-16,2023-02-12,2023-02-01
Norway,2/16/2023,Financial,"7,500,000,000","660,944,357",700601018.4,2023-02-16,2023-02-12,2023-02-01
Norway,2/16/2023,Financial,"7,500,000,000","660,944,357",700601018.4,2023-02-16,2023-02-12,2023-02-01
Norway,2/16/2023,Financial,"7,500,000,000","660,944,357",700601018.4,2023-02-16,2023-02-12,2023-02-01
Poland,4/2/2022,Humanitarian,"3,645,000","3,296,256",3494031.36,2022-04-02,2022-03-27,2022-04-01
Poland,5/5/2022,Humanitarian,"100,000,000","100,000,000",106000000,2022-05-05,2022-05-01,2022-05-01
Poland,8/22/2022,Humanitarian,"7,500,000","6,782,420",7189365.2,2022-08-22,2022-08-21,2022-08-01
Poland,4/10/2022,Humanitarian,"62,105,000","56,162,959",59532736.54,2022-04-10,2022-04-10,2022-04-01
Poland,11/10/2022,Humanitarian,"2,355,000","2,129,680",2257460.8,2022-11-10,2022-11-06,2022-11-01
Poland,12/31/2022,Humanitarian,"178,142,910","178,142,910",188831484.6,2022-12-31,2022-12-25,2022-12-01
Poland,6/7/2023,Humanitarian,"1,004,124","908,052",962535.12,2023-06-07,2023-06-04,2023-06-01
Poland,7/31/2023,Humanitarian,"4,089,400","3,698,137",3920025.22,2023-07-31,2023-07-30,2023-07-01
Poland,4/29/2022,Military,"1,800,000,000","1,800,000,000",1908000000,2022-04-29,2022-04-24,2022-04-01
Poland,7/25/2022,Military,"33,183,306","30,008,416",31808920.96,2022-07-25,2022-07-24,2022-07-01
Poland,12/13/2022,Military,"460,122,786","416,099,463",441065430.8,2022-12-13,2022-12-11,2022-12-01
Poland,1/27/2023,Military,"177,964,925","160,937,715",170593977.9,2023-01-27,2023-01-22,2023-01-01
Poland,3/16/2023,Military,"168,000,000","151,926,207",161041779.4,2023-03-16,2023-03-12,2023-03-01
Poland,5/24/2023,Military,"441,028,199","441,028,199",467489890.9,2023-05-24,2023-05-21,2023-05-01
Poland,2/24/2022,Financial,"1,000,000,000","904,322,662",958582021.7,2022-02-24,2022-02-20,2022-02-01
Poland,3/3/2022,Financial,"30,000,000","6,752,042",7157164.52,2022-03-03,2022-02-27,2022-03-01
Poland,7/13/2022,Financial,"25,000,000","5,626,702",5964304.12,2022-07-13,2022-07-10,2022-07-01
Portugal,3/4/2022,Humanitarian,"100,000","100,000",106000,2022-03-04,2022-02-27,2022-03-01
Portugal,5/5/2022,Humanitarian,"1,100,000","1,100,000",1166000,2022-05-05,2022-05-01,2022-05-01
Portugal,12/13/2022,Humanitarian,"495,000","447,640",474498.4,2022-12-13,2022-12-11,2022-12-01
Portugal,12/23/2022,Humanitarian,"50,000","50,000",53000,2022-12-23,2022-12-18,2022-12-01
Portugal,2/26/2022,Military,"3,050,430","2,758,573",2924087.38,2022-02-26,2022-02-20,2022-02-01
Portugal,4/30/2022,Military,"2,422,800","2,190,993",2322452.58,2022-04-30,2022-04-24,2022-04-01
Portugal,5/8/2022,Military,"8,529,224","7,713,170",8175960.2,2022-05-08,2022-05-08,2022-05-01
Portugal,8/31/2023,Military,"36,000","32,556",34509.36,2023-08-31,2023-08-27,2023-08-01
Portugal,10/14/2022,Military,"35,100,000","31,741,725",33646228.5,2022-10-14,2022-10-09,2022-10-01
Portugal,1/20/2023,Military,"4,397,728","3,976,965",4215582.9,2023-01-20,2023-01-15,2023-01-01
Portugal,2/2/2023,Military,"30,000,000","27,129,680",28757460.8,2023-02-02,2023-01-29,2023-02-01
Portugal,4/22/2023,Military,"1,553,556","1,404,916",1489210.96,2023-04-22,2023-04-16,2023-04-01
Portugal,6/21/2023,Military,"4,200,000","3,798,155",4026044.3,2023-06-21,2023-06-18,2023-06-01
Portugal,6/21/2023,Military,"2,625,942","2,374,699",2517180.94,2023-06-21,2023-06-18,2023-06-01
Portugal,5/21/2022,Financial,"100,000,000","100,000,000",106000000,2022-05-21,2022-05-15,2022-05-01
Portugal,5/21/2022,Financial,"50,000,000","50,000,000",53000000,2022-05-21,2022-05-15,2022-05-01
Portugal,5/21/2022,Financial,"50,000,000","50,000,000",53000000,2022-05-21,2022-05-15,2022-05-01
Portugal,5/21/2022,Financial,"50,000,000","50,000,000",53000000,2022-05-21,2022-05-15,2022-05-01
South Korea,2/28/2022,Humanitarian,"10,000,000","9,043,227",9585820.62,2022-02-28,2022-02-27,2022-02-01
South Korea,4/20/2022,Humanitarian,"30,000,000","27,129,680",28757460.8,2022-04-20,2022-04-17,2022-04-01
South Korea,6/8/2022,Humanitarian,"1,200,000","1,085,187",1150298.22,2022-06-08,2022-06-05,2022-06-01
South Korea,6/21/2022,Humanitarian,"50,000,000","45,216,133",47929100.98,2022-06-21,2022-06-19,2022-06-01
South Korea,12/5/2022,Humanitarian,"8,800,000","7,958,039",8435521.34,2022-12-05,2022-12-04,2022-12-01
South Korea,2/24/2023,Humanitarian,"130,000,000","117,561,946",124615662.8,2023-02-24,2023-02-19,2023-02-01
South Korea,7/15/2023,Humanitarian,"20,000,000","18,086,453",19171640.18,2023-07-15,2023-07-09,2023-07-01
South Korea,3/1/2022,Military,"800,000","723,458",766865.48,2022-03-01,2022-02-27,2022-03-01
South Korea,4/13/2022,Military,"1,600,000","1,446,916",1533730.96,2022-04-13,2022-04-10,2022-04-01
South Korea,5/26/2022,Military,"1,180,000","1,067,101",1131127.06,2022-05-26,2022-05-22,2022-05-01
South Korea,5/17/2023,Financial,"300,000,000","271,296,799",287574606.9,2023-05-17,2023-05-14,2023-05-01
Romania,2/22/2022,Humanitarian,"536,234","484,929",514024.74,2022-02-22,2022-02-20,2022-02-01
Romania,3/1/2022,Humanitarian,"5,000,000","1,011,920",1072635.2,2022-03-01,2022-02-27,2022-03-01
Romania,4/18/2022,Humanitarian,"3,492,500","3,158,347",3347847.82,2022-04-18,2022-04-17,2022-04-01
Romania,5/5/2022,Humanitarian,"3,200,000","3,200,000",3392000,2022-05-05,2022-05-01,2022-05-01
Romania,2/28/2023,Humanitarian,"5,000,000","1,011,920",1072635.2,2023-02-28,2023-02-26,2023-02-01
Romania,3/22/2023,Humanitarian,"562,000,000","113,739,855",120564246.3,2023-03-22,2023-03-19,2023-03-01
Romania,2/27/2022,Military,"3,000,000","3,000,000",3180000,2022-02-27,2022-02-27,2022-02-01
Romania,4/5/2023,Military,"830,000","750,588",795623.28,2023-04-05,2023-04-02,2023-04-01
Slovakia,4/9/2022,Humanitarian,"5,000,000","5,000,000",5300000,2022-04-09,2022-04-03,2022-04-01
Slovakia,12/8/2022,Humanitarian,"4,000,000","4,000,000",4240000,2022-12-08,2022-12-04,2022-12-01
Slovakia,6/20/2023,Humanitarian,"1,840,000","1,840,000",1950400,2023-06-20,2023-06-18,2023-06-01
Slovakia,2/21/2022,Military,"1,700,000","1,700,000",1802000,2022-02-21,2022-02-20,2022-02-01
Slovakia,2/27/2022,Military,"4,500,000","4,500,000",4770000,2022-02-27,2022-02-27,2022-02-01
Slovakia,2/26/2022,Military,"11,000,000","11,000,000",11660000,2022-02-26,2022-02-20,2022-02-01
Slovakia,3/3/2022,Military,"32,200,000","32,200,000",34132000,2022-03-03,2022-02-27,2022-03-01
Slovakia,4/8/2022,Military,"68,000,000","68,000,000",72080000,2022-04-08,2022-04-03,2022-04-01
Slovakia,6/16/2022,Military,"76,250,000","68,954,603",73091879.18,2022-06-16,2022-06-12,2022-06-01
Slovakia,8/23/2022,Military,"16,846,276","15,234,469",16148537.14,2022-08-23,2022-08-21,2022-08-01
Slovakia,12/12/2022,Military,"9,000,000","9,000,000",9540000,2022-12-12,2022-12-11,2022-12-01
Slovakia,2/27/2023,Military,"4,500,000","4,500,000",4770000,2023-02-27,2023-02-26,2023-02-01
Slovakia,3/17/2023,Military,"206,000,000","186,290,468",197467896.1,2023-03-17,2023-03-12,2023-03-01
Slovakia,4/17/2023,Military,"261,891,796","261,891,796",277605303.8,2023-04-17,2023-04-16,2023-04-01
Slovakia,6/7/2023,Military,"4,200,000","4,200,000",4452000,2023-06-07,2023-06-04,2023-06-01
Slovakia,7/13/2023,Financial,"5,000,000","5,000,000",5300000,2023-07-13,2023-07-09,2023-07-01
Slovenia,2/26/2022,Humanitarian,"163,000","163,000",172780,2022-02-26,2022-02-20,2022-02-01
Slovenia,2/27/2022,Humanitarian,"100,000","100,000",106000,2022-02-27,2022-02-27,2022-02-01
Slovenia,3/24/2022,Humanitarian,"400,000","361,729",383432.74,2022-03-24,2022-03-20,2022-03-01
Slovenia,4/6/2022,Humanitarian,"1,640,000","1,640,000",1738400,2022-04-06,2022-04-03,2022-04-01
Slovenia,4/29/2022,Humanitarian,"180,000","180,000",190800,2022-04-29,2022-04-24,2022-04-01
Slovenia,11/25/2022,Humanitarian,"133,939","133,939",141975.34,2022-11-25,2022-11-20,2022-11-01
Slovenia,12/5/2022,Humanitarian,"100,000","100,000",106000,2022-12-05,2022-12-04,2022-12-01
Slovenia,12/30/2022,Humanitarian,"580,000","580,000",614800,2022-12-30,2022-12-25,2022-12-01
Slovenia,12/20/2022,Humanitarian,"1,403,061","1,403,061",1487244.66,2022-12-20,2022-12-18,2022-12-01
Slovenia,12/29/2023,Humanitarian,"66,648","60,271",63887.26,2023-12-29,2023-12-24,2023-12-01
Slovenia,6/15/2023,Humanitarian,"228,405","228,405",242109.3,2023-06-15,2023-06-11,2023-06-01
Slovenia,6/14/2022,Military,"7,000,000","6,330,259",6710074.54,2022-06-14,2022-06-12,2022-06-01
Slovenia,6/16/2022,Military,"24,816,221","22,441,871",23788383.26,2022-06-16,2022-06-12,2022-06-01
Slovenia,9/20/2022,Military,"27,115,760","24,521,396",25992679.76,2022-09-20,2022-09-18,2022-09-01
Slovenia,3/16/2023,Military,"10,400,000","9,404,956",9969253.36,2023-03-16,2023-03-12,2023-03-01
Spain,2/26/2022,Humanitarian,"150,000","150,000",159000,2022-02-26,2022-02-20,2022-02-01
Spain,3/15/2022,Humanitarian,"26,251,200","23,739,555",25163928.3,2022-03-15,2022-03-13,2022-03-01
Spain,3/17/2022,Humanitarian,"23,000,000","23,000,000",24380000,2022-03-17,2022-03-13,2022-03-01
Spain,4/8/2022,Humanitarian,"1,161,542","1,161,542",1231234.52,2022-04-08,2022-04-03,2022-04-01
Spain,4/8/2022,Humanitarian,"500,000","452,161",479290.66,2022-04-08,2022-04-03,2022-04-01
Spain,4/28/2023,Humanitarian,"4,458,586","4,032,000",4273920,2023-04-28,2023-04-23,2023-04-01
Spain,3/2/2022,Military,"27,995,000","25,316,513",26835503.78,2022-03-02,2022-02-27,2022-03-01
Spain,3/29/2022,Military,"644,000","582,384",617327.04,2022-03-29,2022-03-27,2022-03-01
Spain,4/21/2022,Military,"30,734,600","27,793,995",29461634.7,2022-04-21,2022-04-17,2022-04-01
Spain,6/28/2022,Military,"118,360,000","118,360,000",125461600,2022-06-28,2022-06-26,2022-06-01
Spain,6/30/2022,Military,"37,697,207","37,697,207",39959039.42,2022-06-30,2022-06-26,2022-06-01
Spain,7/12/2022,Military,"6,000,000","5,425,936",5751492.16,2022-07-12,2022-07-10,2022-07-01
Spain,8/24/2022,Military,"14,938,702","13,509,406",14319970.36,2022-08-24,2022-08-21,2022-08-01
Spain,10/6/2022,Military,"5,429,730","4,910,228",5204841.68,2022-10-06,2022-10-02,2022-10-01
Spain,10/13/2022,Military,"70,519,361","63,772,256",67598591.36,2022-10-13,2022-10-09,2022-10-01
Spain,11/2/2022,Military,"8,931,983","8,077,394",8562037.64,2022-11-02,2022-10-30,2022-11-01
Spain,1/25/2023,Military,"21,380,734","19,335,083",20495187.98,2023-01-25,2023-01-22,2023-01-01
Spain,2/1/2023,Military,"6,000,000","5,425,936",5751492.16,2023-02-01,2023-01-29,2023-02-01
Spain,7/6/2022,Financial,"100,000,000","100,000,000",106000000,2022-07-06,2022-07-03,2022-07-01
Spain,7/6/2022,Financial,"100,000,000","100,000,000",106000000,2022-07-06,2022-07-03,2022-07-01
Spain,7/6/2022,Financial,"49,700,000","49,700,000",52682000,2022-07-06,2022-07-03,2022-07-01
Spain,12/21/2022,Financial,"100,000,000","100,000,000",106000000,2022-12-21,2022-12-18,2022-12-01
Spain,1/11/2023,Financial,"4,500,000","4,500,000",4770000,2023-01-11,2023-01-08,2023-01-01
Spain,4/13/2023,Financial,"100,000,000","100,000,000",106000000,2023-04-13,2023-04-09,2023-04-01
Spain,7/13/2023,Financial,"70,000,000","70,000,000",74200000,2023-07-13,2023-07-09,2023-07-01
Sweden,5/4/2022,Humanitarian,"570,000,000","48,993,064",51932647.84,2022-05-04,2022-05-01,2022-05-01
Sweden,5/5/2022,Humanitarian,"230,000,000","19,769,131",20955278.86,2022-05-05,2022-05-01,2022-05-01
Sweden,6/2/2022,Humanitarian,"100,000,000","8,595,274",9110990.44,2022-06-02,2022-05-29,2022-06-01
Sweden,9/13/2022,Humanitarian,"9,750,000","8,817,146",9346174.76,2022-09-13,2022-09-11,2022-09-01
Sweden,11/16/2022,Humanitarian,"170,000,000","14,611,966",15488683.96,2022-11-16,2022-11-13,2022-11-01
Sweden,1/26/2023,Humanitarian,"20,000,000","1,719,055",1822198.3,2023-01-26,2023-01-22,2023-01-01
Sweden,5/8/2023,Humanitarian,"11,000,000","11,000,000",11660000,2023-05-08,2023-05-07,2023-05-01
Sweden,6/26/2023,Humanitarian,"285,050,000","24,500,829",25970878.74,2023-06-26,2023-06-25,2023-06-01
Sweden,7/17/2023,Humanitarian,"104,400,000","104,400,000",110664000,2023-07-17,2023-07-16,2023-07-01
Sweden,7/17/2023,Humanitarian,"104,400,000","104,400,000",110664000,2023-07-17,2023-07-16,2023-07-01
Sweden,7/17/2023,Humanitarian,"104,400,000","104,400,000",110664000,2023-07-17,2023-07-16,2023-07-01
Sweden,7/17/2023,Humanitarian,"104,400,000","104,400,000",110664000,2023-07-17,2023-07-16,2023-07-01
Sweden,7/17/2023,Humanitarian,"104,400,000","104,400,000",110664000,2023-07-17,2023-07-16,2023-07-01
Sweden,2/27/2022,Military,"400,000,000","34,381,097",36443962.82,2022-02-27,2022-02-27,2022-02-01
Sweden,2/27/2022,Military,"500,000,000","42,976,372",45554954.32,2022-02-27,2022-02-27,2022-02-01
Sweden,6/2/2022,Military,"262,000,000","22,519,619",23870796.14,2022-06-02,2022-05-29,2022-06-01
Sweden,6/2/2022,Military,"578,000,000","49,680,686",52661527.16,2022-06-02,2022-05-29,2022-06-01
Sweden,6/2/2022,Military,"60,000,000","5,157,165",5466594.9,2022-06-02,2022-05-29,2022-06-01
Sweden,7/12/2022,Military,"577,700,000","49,654,900",52634194,2022-07-12,2022-07-10,2022-07-01
Sweden,8/28/2022,Military,"500,000,000","42,976,372",45554954.32,2022-08-28,2022-08-28,2022-08-01
Sweden,11/16/2022,Military,"3,000,000,000","257,858,230",273329723.8,2022-11-16,2022-11-13,2022-11-01
Sweden,1/19/2023,Military,"4,300,000,000","369,596,796",391772603.8,2023-01-19,2023-01-15,2023-01-01
Sweden,5/5/2023,Military,"6,724,500,000","577,989,222",612668575.3,2023-05-05,2023-04-30,2023-05-01
Sweden,6/22/2023,Military,"140,000,000","12,033,384",12755387.04,2023-06-22,2023-06-18,2023-06-01
Sweden,6/22/2023,Military,"90,000,000","7,735,747",8199891.82,2023-06-22,2023-06-18,2023-06-01
Sweden,6/22/2023,Military,"20,000,000","1,719,055",1822198.3,2023-06-22,2023-06-18,2023-06-01
Sweden,3/7/2022,Financial,"50,000,000","45,216,133",47929100.98,2022-03-07,2022-03-06,2022-03-01
Sweden,4/22/2022,Financial,"44,000,000","44,000,000",46640000,2022-04-22,2022-04-17,2022-04-01
Sweden,8/28/2022,Financial,"500,000,000","42,976,372",45554954.32,2022-08-28,2022-08-28,2022-08-01
Sweden,11/16/2022,Financial,"140,000,000","12,033,384",12755387.04,2022-11-16,2022-11-13,2022-11-01
Sweden,12/13/2022,Financial,"600,000,000","51,571,646",54665944.76,2022-12-13,2022-12-11,2022-12-01
Sweden,2/24/2023,Humanitarian,"300,000,000","25,785,823",27332972.38,2023-02-24,2023-02-19,2023-02-01
Switzerland,3/11/2022,Humanitarian,"60,000,000","61,532,151",65224080.06,2022-03-11,2022-03-06,2022-03-01
Switzerland,8/10/2022,Humanitarian,"21,300,000","21,843,913",23154547.78,2022-08-10,2022-08-07,2022-08-01
Switzerland,11/2/2022,Humanitarian,"100,000,000","102,553,584",108706799,2022-11-02,2022-10-30,2022-11-01
Switzerland,12/23/2022,Humanitarian,"46,000,000","47,174,649",50005127.94,2022-12-23,2022-12-18,2022-12-01
Switzerland,12/23/2022,Humanitarian,"1,500,000","1,538,304",1630602.24,2022-12-23,2022-12-18,2022-12-01
Switzerland,2/22/2023,Humanitarian,"114,000,000","116,911,086",123925751.2,2023-02-22,2023-02-19,2023-02-01
Switzerland,4/12/2023,Humanitarian,"160,000,000","164,085,735",173930879.1,2023-04-12,2023-04-09,2023-04-01
Switzerland,4/12/2023,Humanitarian,"375,000,000","384,575,941",407650497.5,2023-04-12,2023-04-09,2023-04-01
Switzerland,4/12/2023,Humanitarian,"375,000,000","384,575,941",407650497.5,2023-04-12,2023-04-09,2023-04-01
Switzerland,4/12/2023,Humanitarian,"375,000,000","384,575,941",407650497.5,2023-04-12,2023-04-09,2023-04-01
Switzerland,4/12/2023,Humanitarian,"375,000,000","384,575,941",407650497.5,2023-04-12,2023-04-09,2023-04-01
Switzerland,12/23/2022,Financial,"22,000,000","22,561,789",23915496.34,2022-12-23,2022-12-18,2022-12-01
Switzerland,12/23/2022,Financial,"15,000,000","15,383,038",16306020.28,2022-12-23,2022-12-18,2022-12-01
Turkey,8/22/2022,Military,"67,094,000","60,674,625",64315102.5,2022-08-22,2022-08-21,2022-08-01
Turkey,2/26/2022,Humanitarian,"248,032","224,301",237759.06,2022-02-26,2022-02-20,2022-02-01
Turkey,3/12/2022,Humanitarian,"4,763,650","4,307,877",4566349.62,2022-03-12,2022-03-06,2022-03-01
Taiwan,4/22/2022,Humanitarian,"8,000,000","7,234,581",7668655.86,2022-04-22,2022-04-17,2022-04-01
Taiwan,6/2/2022,Humanitarian,"2,000,000","1,808,645",1917163.7,2022-06-02,2022-05-29,2022-06-01
Taiwan,6/2/2022,Humanitarian,"500,000","452,161",479290.66,2022-06-02,2022-05-29,2022-06-01
Taiwan,6/2/2022,Humanitarian,"500,000","452,161",479290.66,2022-06-02,2022-05-29,2022-06-01
Taiwan,6/2/2022,Humanitarian,"500,000","452,161",479290.66,2022-06-02,2022-05-29,2022-06-01
Taiwan,6/2/2022,Humanitarian,"500,000","452,161",479290.66,2022-06-02,2022-05-29,2022-06-01
Taiwan,6/20/2022,Humanitarian,"500,000","452,161",479290.66,2022-06-20,2022-06-19,2022-06-01
Taiwan,10/27/2022,Humanitarian,"56,000,000","50,642,069",53680593.14,2022-10-27,2022-10-23,2022-10-01
United Kingdom,2/27/2022,Humanitarian,"40,000,000","46,589,638",49385016.28,2022-02-27,2022-02-27,2022-02-01
United Kingdom,3/1/2022,Humanitarian,"40,000,000","46,589,638",49385016.28,2022-03-01,2022-02-27,2022-03-01
United Kingdom,3/7/2022,Humanitarian,"100,000,000","116,474,096",123462541.8,2022-03-07,2022-03-06,2022-03-01
United Kingdom,3/14/2022,Humanitarian,"7,000,000","8,153,187",8642378.22,2022-03-14,2022-03-13,2022-03-01
United Kingdom,4/5/2022,Humanitarian,"10,000,000","11,647,410",12346254.6,2022-04-05,2022-04-03,2022-04-01
United Kingdom,6/26/2022,Humanitarian,"10,000,000","11,647,410",12346254.6,2022-06-26,2022-06-26,2022-06-01
United Kingdom,7/11/2022,Humanitarian,"5,000,000","5,823,705",6173127.3,2022-07-11,2022-07-10,2022-07-01
United Kingdom,10/27/2022,Humanitarian,"3,600,000","3,255,562",3450895.72,2022-10-27,2022-10-23,2022-10-01
United Kingdom,11/16/2022,Humanitarian,"10,000,000","11,647,410",12346254.6,2022-11-16,2022-11-13,2022-11-01
United Kingdom,3/28/2023,Humanitarian,"10,000,000","11,647,410",12346254.6,2023-03-28,2023-03-26,2023-03-01
United Kingdom,6/10/2023,Humanitarian,"16,000,000","18,635,855",19754006.3,2023-06-10,2023-06-04,2023-06-01
United Kingdom,6/21/2023,Humanitarian,"109,200,000","127,189,713",134821095.8,2023-06-21,2023-06-18,2023-06-01
United Kingdom,6/21/2023,Humanitarian,"26,300,000","30,632,687",32470648.22,2023-06-21,2023-06-18,2023-06-01
United Kingdom,6/22/2023,Humanitarian,"1,500,000","1,747,111",1851937.66,2023-06-22,2023-06-18,2023-06-01
United Kingdom,6/22/2023,Humanitarian,"62,000,000","72,213,940",76546776.4,2023-06-22,2023-06-18,2023-06-01
United Kingdom,6/22/2023,Humanitarian,"25,000,000","29,118,524",30865635.44,2023-06-22,2023-06-18,2023-06-01
United Kingdom,7/8/2023,Humanitarian,"6,800,000","6,149,394",6518357.64,2023-07-08,2023-07-02,2023-07-01
United Kingdom,2/1/2022,Military,"80,000,000","72,345,813",76686561.78,2022-02-01,2022-01-30,2022-02-01
United Kingdom,3/9/2022,Military,"126,600,000","114,487,249",121356483.9,2022-03-09,2022-03-06,2022-03-01
United Kingdom,3/23/2022,Military,"120,000,000","108,518,719",115029842.1,2022-03-23,2022-03-20,2022-03-01
United Kingdom,3/24/2022,Military,"468,000,000","423,223,006",448616386.4,2022-03-24,2022-03-20,2022-03-01
United Kingdom,4/8/2022,Military,"100,000,000","116,474,096",123462541.8,2022-04-08,2022-04-03,2022-04-01
United Kingdom,4/9/2022,Military,"63,531,834","57,453,278",60900474.68,2022-04-09,2022-04-03,2022-04-01
United Kingdom,5/19/2022,Military,"96,000","86,815",92023.9,2022-05-19,2022-05-15,2022-05-01
United Kingdom,5/20/2022,Military,"1,300,000,000","1,514,163,250",1605013045,2022-05-20,2022-05-15,2022-05-01
United Kingdom,6/30/2022,Military,"1,000,000,000","1,164,740,962",1234625420,2022-06-30,2022-06-26,2022-06-01
United Kingdom,10/13/2022,Military,"252,922,852","228,723,867",242447299,2022-10-13,2022-10-09,2022-10-01
United Kingdom,10/13/2022,Military,"10,000,000","11,647,410",12346254.6,2022-10-13,2022-10-09,2022-10-01
United Kingdom,11/19/2022,Military,"50,000,000","58,237,048",61731270.88,2022-11-19,2022-11-13,2022-11-01
United Kingdom,11/23/2022,Military,"32,234,578","29,150,459",30899486.54,2022-11-23,2022-11-20,2022-11-01
United Kingdom,1/14/2023,Military,"2,300,000,000","2,678,904,212",2839638465,2023-01-14,2023-01-08,2023-01-01
United Kingdom,2/1/2022,Financial,"39,333,333","45,813,144",48561932.64,2022-02-01,2022-01-30,2022-02-01
United Kingdom,2/1/2022,Financial,"39,333,333","45,813,144",48561932.64,2022-02-01,2022-01-30,2022-02-01
United Kingdom,2/1/2022,Financial,"39,333,333","45,813,144",48561932.64,2022-02-01,2022-01-30,2022-02-01
United Kingdom,2/23/2022,Financial,"500,000,000","582,370,481",617312709.9,2022-02-23,2022-02-20,2022-02-01
United Kingdom,3/7/2022,Financial,"74,000,000","86,190,831",91362280.86,2022-03-07,2022-03-06,2022-03-01
United Kingdom,3/24/2022,Financial,"29,100,000","33,893,962",35927599.72,2022-03-24,2022-03-20,2022-03-01
United Kingdom,4/22/2022,Financial,"730,000,000","850,260,902",901276556.1,2022-04-22,2022-04-17,2022-04-01
United Kingdom,4/22/2022,Financial,"320,000,000","372,717,108",395080134.5,2022-04-22,2022-04-17,2022-04-01
United Kingdom,5/19/2022,Financial,"50,000,000","45,216,133",47929100.98,2022-05-19,2022-05-15,2022-05-01
United Kingdom,9/30/2022,Financial,"500,000,000","452,161,331",479291010.9,2022-09-30,2022-09-25,2022-09-01
United Kingdom,12/23/2022,Financial,"500,000,000","452,161,331",479291010.9,2022-12-23,2022-12-18,2022-12-01
United Kingdom,3/15/2023,Financial,"500,000,000","452,161,331",479291010.9,2023-03-15,2023-03-12,2023-03-01
United Kingdom,4/13/2023,Financial,"500,000,000","452,161,331",479291010.9,2023-04-13,2023-04-09,2023-04-01
United Kingdom,6/21/2023,Financial,"1,000,000,000","904,322,662",958582021.7,2023-06-21,2023-06-18,2023-06-01
United Kingdom,6/21/2023,Financial,"1,000,000,000","904,322,662",958582021.7,2023-06-21,2023-06-18,2023-06-01
United Kingdom,6/21/2023,Financial,"1,000,000,000","904,322,662",958582021.7,2023-06-21,2023-06-18,2023-06-01
United States,2/27/2022,Humanitarian,"54,000,000","48,833,424",51763429.44,2022-02-27,2022-02-27,2022-02-01
United States,3/15/2022,Humanitarian,"30,000,000","27,129,680",28757460.8,2022-03-15,2022-03-13,2022-03-01
United States,3/31/2022,Humanitarian,"178,354,690","161,290,188",170967599.3,2022-03-31,2022-03-27,2022-03-01
United States,5/10/2022,Humanitarian,"2,000,000","1,808,645",1917163.7,2022-05-10,2022-05-08,2022-05-01
United States,5/27/2022,Humanitarian,"386,831,196","349,820,217",370809430,2022-05-27,2022-05-22,2022-05-01
United States,6/24/2022,Humanitarian,"225,455,382","203,884,411",216117475.7,2022-06-24,2022-06-19,2022-06-01
United States,7/27/2022,Humanitarian,"390,009,757","352,694,662",373856341.7,2022-07-27,2022-07-24,2022-07-01
United States,8/29/2022,Humanitarian,"11,815,444","10,684,974",11326072.44,2022-08-29,2022-08-28,2022-08-01
United States,9/30/2022,Humanitarian,"752,523","680,524",721355.44,2022-09-30,2022-09-25,2022-09-01
United States,9/30/2022,Humanitarian,"35,000,000","31,651,293",33550370.58,2022-09-30,2022-09-25,2022-09-01
United States,12/6/2022,Humanitarian,"126,300,000","114,215,952",121068909.1,2022-12-06,2022-12-04,2022-12-01
United States,12/6/2022,Humanitarian,"2,470,000,000","2,233,676,976",2367697595,2022-12-06,2022-12-04,2022-12-01
United States,3/15/2022,Military,"9,025,000,000","8,161,512,027",8651202749,2022-03-15,2022-03-13,2022-03-01
United States,4/25/2022,Military,"1,547,000,000","1,398,987,159",1482926389,2022-04-25,2022-04-24,2022-04-01
United States,4/1/2022,Military,"6,300,000,000","5,697,232,773",6039066739,2022-04-01,2022-03-27,2022-04-01
United States,9/30/2022,Military,"3,700,000,000","3,345,993,851",3546753482,2022-09-30,2022-09-25,2022-09-01
United States,12/6/2022,Military,"10,800,000,000","9,766,684,753",10352685838,2022-12-06,2022-12-04,2022-12-01
United States,9/30/2022,Military,"3,000,000,000","2,712,967,987",2875746066,2022-09-30,2022-09-25,2022-09-01
United States,12/6/2022,Military,"9,000,000,000","8,138,903,961",8627238199,2022-12-06,2022-12-04,2022-12-01
United States,12/6/2022,Military,"3,183,000,000","2,878,459,034",3051166576,2022-12-06,2022-12-04,2022-12-01
United States,3/15/2022,Financial,"1,000,000,000","904,322,662",958582021.7,2022-03-15,2022-03-13,2022-03-01
United States,5/10/2022,Financial,"7,500,000,000","6,782,419,967",7189365165,2022-05-10,2022-05-08,2022-05-01
United States,9/30/2022,Financial,"4,500,000,000","4,069,451,980",4313619099,2022-09-30,2022-09-25,2022-09-01
United States,12/6/2022,Financial,"13,370,000,000","12,090,793,995",12816241635,2022-12-06,2022-12-04,2022-12-01
EU (Commission and Council),3/1/2022,Humanitarian,"415,000,000","415,000,000",439900000,2022-03-01,2022-02-27,2022-03-01
EU (Commission and Council),4/9/2022,Humanitarian,"600,000,000","600,000,000",636000000,2022-04-09,2022-04-03,2022-04-01
EU (Commission and Council),5/5/2022,Humanitarian,"200,000,000","200,000,000",212000000,2022-05-05,2022-05-01,2022-05-01
EU (Commission and Council),6/9/2022,Humanitarian,"205,000,000","205,000,000",217300000,2022-06-09,2022-06-05,2022-06-01
EU (Commission and Council),10/19/2022,Humanitarian,"150,000,000","150,000,000",159000000,2022-10-19,2022-10-16,2022-10-01
EU (Commission and Council),12/13/2022,Humanitarian,"30,000,000","30,000,000",31800000,2022-12-13,2022-12-11,2022-12-01
EU (Commission and Council),2/2/2023,Humanitarian,"10,000,000","10,000,000",10600000,2023-02-02,2023-01-29,2023-02-01
EU (Commission and Council),2/2/2023,Humanitarian,"145,000,000","145,000,000",153700000,2023-02-02,2023-01-29,2023-02-01
EU (Commission and Council),2/2/2023,Humanitarian,"305,000,000","305,000,000",323300000,2023-02-02,2023-01-29,2023-02-01
EU (Commission and Council),2/3/2023,Humanitarian,"25,000,000","25,000,000",26500000,2023-02-03,2023-01-29,2023-02-01
EU (Commission and Council),4/20/2023,Humanitarian,"55,000,000","55,000,000",58300000,2023-04-20,2023-04-16,2023-04-01
EU (Commission and Council),2/21/2022,Financial,"1,200,000,000","1,200,000,000",1272000000,2022-02-21,2022-02-20,2022-02-01
EU (Commission and Council),4/8/2022,Financial,"120,000,000","120,000,000",127200000,2022-04-08,2022-04-03,2022-04-01
EU (Commission and Council),5/18/2022,Financial,"6,000,000,000","6,000,000,000",6360000000,2022-05-18,2022-05-15,2022-05-01
EU (Commission and Council),11/9/2022,Financial,"18,000,000,000","18,000,000,000",19080000000,2022-11-09,2022-11-06,2022-11-01
EU (Commission and Council),6/20/2023,Financial,"4,125,000,000","4,125,000,000",4372500000,2023-06-20,2023-06-18,2023-06-01
EU (Commission and Council),6/20/2023,Financial,"4,125,000,000","4,125,000,000",4372500000,2023-06-20,2023-06-18,2023-06-01
EU (Commission and Council),6/20/2023,Financial,"4,125,000,000","4,125,000,000",4372500000,2023-06-20,2023-06-18,2023-06-01
EU (Commission and Council),6/20/2023,Financial,"4,125,000,000","4,125,000,000",4372500000,2023-06-20,2023-06-18,2023-06-01
EU (Commission and Council),6/20/2023,Financial,"8,250,000,000","8,250,000,000",8745000000,2023-06-20,2023-06-18,2023-06-01
EU (Commission and Council),6/20/2023,Financial,"8,250,000,000","8,250,000,000",8745000000,2023-06-20,2023-06-18,2023-06-01
EU (Commission and Council),6/20/2023,Financial,"8,250,000,000","8,250,000,000",8745000000,2023-06-20,2023-06-18,2023-06-01
EU (Commission and Council),6/20/2023,Financial,"8,250,000,000","8,250,000,000",8745000000,2023-06-20,2023-06-18,2023-06-01
European Peace Facility,2/27/2022,Military,"500,000,000","500,000,000",530000000,2022-02-27,2022-02-27,2022-02-01
European Peace Facility,3/23/2022,Military,"500,000,000","500,000,000",530000000,2022-03-23,2022-03-20,2022-03-01
European Peace Facility,4/8/2022,Military,"500,000,000","500,000,000",530000000,2022-04-08,2022-04-03,2022-04-01
European Peace Facility,5/13/2022,Military,"500,000,000","500,000,000",530000000,2022-05-13,2022-05-08,2022-05-01
European Peace Facility,7/22/2022,Military,"500,000,000","500,000,000",530000000,2022-07-22,2022-07-17,2022-07-01
European Peace Facility,10/17/2022,Military,"600,000,000","600,000,000",636000000,2022-10-17,2022-10-16,2022-10-01
European Peace Facility,1/23/2023,Military,"500,000,000","500,000,000",530000000,2023-01-23,2023-01-22,2023-01-01
European Peace Facility,4/13/2023,Military,"1,000,000,000","1,000,000,000",1060000000,2023-04-13,2023-04-09,2023-04-01
European Peace Facility,5/5/2023,Military,"1,000,000,000","1,000,000,000",1060000000,2023-05-05,2023-04-30,2023-05-01
European Investment Bank,3/4/2022,Financial,"668,000,000","668,000,000",708080000,2022-03-04,2022-02-27,2022-03-01
European Investment Bank,3/7/2022,Financial,"2,500,000","2,500,000",2650000,2022-03-07,2022-03-06,2022-03-01
European Investment Bank,7/25/2022,Financial,"1,590,000,000","1,590,000,000",1685400000,2022-07-25,2022-07-24,2022-07-01
